"Time (s)","Latitude (°)","Longitude (°)","Altitude (m)","Altitude WGS84 (m)","Speed (m/s)","Direction (°)","Distance (km)","Horizontal Accuracy (m)","Vertical Accuracy (m)","Satellites"
5.455017090E-3,4.133820994E1,1.981966576E1,1.195200000E2,1.603310587E2,NaN,NaN,4.897676102E-2,7.510224341E2,3.015869643E1,-1.000000000E0
4.653298855E-2,4.133838333E1,1.981912649E1,1.195200000E2,1.603288093E2,NaN,NaN,2.570939668E-1,8.744924565E2,3.018493297E1,-1.000000000E0
4.087270498E-1,4.133788929E1,1.982153088E1,1.197693408E2,1.605893327E2,NaN,NaN,2.796599565E-1,2.399097385E1,3.000000000E1,-1.000000000E0
4.610219359E0,4.133768927E1,1.982148523E1,1.262457771E2,1.670646900E2,0.000000000E0,NaN,3.037396454E-1,5.541959703E1,3.200000000E1,-1.000000000E0
5.862227082E0,4.133750619E1,1.982133118E1,1.207873421E2,1.616046499E2,0.000000000E0,NaN,3.213531261E-1,3.048886655E1,3.000000000E0,-1.000000000E0
6.862232566E0,4.133761077E1,1.982148964E1,1.207873421E2,1.616059543E2,0.000000000E0,NaN,3.218776019E-1,1.872249056E1,3.000000000E0,-1.000000000E0
7.862238407E0,4.133760754E1,1.982148506E1,1.207873421E2,1.616059157E2,0.000000000E0,NaN,3.222372989E-1,1.845955043E1,3.000000000E0,-1.000000000E0
8.862243652E0,4.133760533E1,1.982148191E1,1.207873421E2,1.616058893E2,0.000000000E0,NaN,3.228066045E-1,1.827703451E1,3.000000000E0,-1.000000000E0
9.857773781E0,4.133760182E1,1.982147694E1,1.207873421E2,1.616058474E2,0.000000000E0,NaN,3.230895600E-1,1.798437265E1,3.000000000E0,-1.000000000E0
1.085782218E1,4.133760008E1,1.982147447E1,1.207873421E2,1.616058266E2,0.000000000E0,NaN,3.234189355E-1,1.783712943E1,3.000000000E0,-1.000000000E0
1.185790718E1,4.133759805E1,1.982147159E1,1.207873421E2,1.616058024E2,0.000000000E0,NaN,3.274517359E-1,1.766418395E1,3.000000000E0,-1.000000000E0
1.285798562E1,4.133763192E1,1.982148889E1,1.207873421E2,1.616060377E2,0.000000000E0,NaN,3.275570853E-1,1.419031118E1,3.000000000E0,-1.000000000E0
1.385807180E1,4.133763121E1,1.982148805E1,1.207873421E2,1.616060302E2,0.000000000E0,NaN,3.276902588E-1,1.415370534E1,3.000000000E0,-1.000000000E0
1.485818589E1,4.133763032E1,1.982148698E1,1.207873421E2,1.616060206E2,0.000000000E0,NaN,3.277314932E-1,1.410729455E1,3.000000000E0,-1.000000000E0
1.585828793E1,4.133763004E1,1.982148665E1,1.207873421E2,1.616060177E2,0.000000000E0,NaN,3.277314946E-1,1.409289603E1,3.000000000E0,-1.000000000E0
1.685838389E1,4.133763004E1,1.982148665E1,1.207873421E2,1.616060177E2,0.000000000E0,NaN,3.278408053E-1,1.409289920E1,3.000000000E0,-1.000000000E0
1.785850334E1,4.133762931E1,1.982148578E1,1.207873421E2,1.616060099E2,0.000000000E0,NaN,3.342596977E-1,1.405465157E1,3.000000000E0,-1.000000000E0
1.885860109E1,4.133766151E1,1.982154959E1,1.207873421E2,1.616064942E2,0.000000000E0,NaN,3.343485849E-1,1.246572658E1,3.000000000E0,-1.000000000E0
1.985869205E1,4.133766094E1,1.982154884E1,1.207873421E2,1.616064877E2,0.000000000E0,NaN,3.403483559E-1,1.244466698E1,3.000000000E0,-1.000000000E0
2.085879910E1,4.133762301E1,1.982149773E1,1.207873421E2,1.616060496E2,0.000000000E0,NaN,3.404168886E-1,1.092944334E1,3.000000000E0,-1.000000000E0
2.185888314E1,4.133762257E1,1.982149715E1,1.207873421E2,1.616060445E2,0.000000000E0,NaN,3.441548554E-1,1.091092493E1,3.000000000E0,-1.000000000E0
2.285895455E1,4.133759894E1,1.982146531E1,1.207873421E2,1.616057716E2,0.000000000E0,NaN,3.467030129E-1,9.847987112E0,3.000000000E0,-1.000000000E0
2.385904860E1,4.133758283E1,1.982144361E1,1.207873421E2,1.616055855E2,0.000000000E0,NaN,3.485667743E-1,9.052124093E0,3.000000000E0,-1.000000000E0
2.485913658E1,4.133757104E1,1.982142774E1,1.207873421E2,1.616054494E2,0.000000000E0,NaN,3.485828842E-1,8.422534593E0,3.000000000E0,-1.000000000E0
2.585921943E1,4.133757094E1,1.982142760E1,1.207873421E2,1.616054482E2,0.000000000E0,NaN,3.485829688E-1,8.416893414E0,3.000000000E0,-1.000000000E0
2.685929918E1,4.133757094E1,1.982142760E1,1.207873421E2,1.616054482E2,0.000000000E0,NaN,3.500093667E-1,8.416869886E0,3.000000000E0,-1.000000000E0
2.785937440E1,4.133756192E1,1.982141545E1,1.207873421E2,1.616053441E2,0.000000000E0,NaN,3.511178630E-1,7.900860793E0,3.000000000E0,-1.000000000E0
2.885944569E1,4.133755491E1,1.982140601E1,1.207873421E2,1.616052631E2,0.000000000E0,NaN,3.526138132E-1,7.475299613E0,3.000000000E0,-1.000000000E0
2.985951328E1,4.133755800E1,1.982142345E1,1.207873421E2,1.616053718E2,0.000000000E0,NaN,3.526151655E-1,6.903337642E0,3.000000000E0,-1.000000000E0
3.085957670E1,4.133755799E1,1.982142344E1,1.207873421E2,1.616053717E2,0.000000000E0,NaN,3.534907484E-1,6.902911813E0,3.000000000E0,-1.000000000E0
3.185963857E1,4.133755287E1,1.982141546E1,1.207873421E2,1.616053067E2,0.000000000E0,NaN,3.535001174E-1,6.616369391E0,3.000000000E0,-1.000000000E0
3.285969579E1,4.133755282E1,1.982141538E1,1.207873421E2,1.616053060E2,0.000000000E0,NaN,3.535102767E-1,6.613244015E0,3.000000000E0,-1.000000000E0
3.385975099E1,4.133755276E1,1.982141529E1,1.207873421E2,1.616053053E2,0.000000000E0,NaN,3.535226916E-1,6.609852593E0,3.000000000E0,-1.000000000E0
3.485980356E1,4.133755269E1,1.982141517E1,1.207873421E2,1.616053043E2,0.000000000E0,NaN,3.535336879E-1,6.605704150E0,3.000000000E0,-1.000000000E0
3.585985303E1,4.133755262E1,1.982141507E1,1.207873421E2,1.616053035E2,0.000000000E0,NaN,3.554756271E-1,6.602028402E0,3.000000000E0,-1.000000000E0
3.685990155E1,4.133756005E1,1.982139402E1,1.234788245E2,1.642967009E2,2.412830224E-1,NaN,3.555871592E-1,6.180474793E0,7.452935520E0,-1.000000000E0
3.785994685E1,4.133755949E1,1.982139292E1,1.232687690E2,1.640866370E2,7.187418828E-2,NaN,3.559265420E-1,6.180483093E0,7.538775673E0,-1.000000000E0
3.885999036E1,4.133755963E1,1.982139698E1,1.238985235E2,1.647164144E2,2.137486048E-1,NaN,3.561424180E-1,6.180491404E0,7.637671159E0,-1.000000000E0
3.986003101E1,4.133755860E1,1.982139918E1,1.242048120E2,1.650227107E2,2.450778292E-1,NaN,3.563039715E-1,6.180499620E0,7.782140323E0,-1.000000000E0
4.086007023E1,4.133755714E1,1.982139908E1,1.240571527E2,1.648750449E2,1.813754602E-1,NaN,3.563701012E-1,6.180507752E0,7.769815715E0,-1.000000000E0
4.186010897E1,4.133755743E1,1.982139977E1,1.242471145E2,1.650650116E2,1.362914144E-1,NaN,3.565820082E-1,6.180516022E0,7.860043003E0,-1.000000000E0
4.286014533E1,4.133755758E1,1.982139724E1,1.239620034E2,1.647798872E2,9.102297607E-2,NaN,3.566780347E-1,6.180524320E0,7.830704290E0,-1.000000000E0
4.386017966E1,4.133755793E1,1.982139829E1,1.239739419E2,1.647918329E2,2.213079197E-1,NaN,3.568908449E-1,6.180469952E0,7.698386123E0,-1.000000000E0
4.486021376E1,4.133755668E1,1.982139635E1,1.234633219E2,1.642811972E2,4.625522070E-1,NaN,3.570337840E-1,6.180478116E0,7.633873195E0,-1.000000000E0
4.586024630E1,4.133755555E1,1.982139553E1,1.229305549E2,1.637484210E2,1.860362133E-1,NaN,3.570626470E-1,6.180486323E0,7.531151899E0,-1.000000000E0
4.686027646E1,4.133755569E1,1.982139583E1,1.230947791E2,1.639126473E2,2.887707093E-1,NaN,3.572345214E-1,6.180494463E0,7.541963462E0,-1.000000000E0
4.786030662E1,4.133755619E1,1.982139388E1,1.229324823E2,1.637503419E2,1.740843321E-1,NaN,3.573678905E-1,6.180502519E0,7.655598324E0,-1.000000000E0
4.886033535E1,4.133755717E1,1.982139297E1,1.228812235E2,1.636990822E2,1.262241918E-1,NaN,3.573859420E-1,6.180510752E0,7.693197675E0,-1.000000000E0
4.986036897E1,4.133755733E1,1.982139300E1,1.229992330E2,1.638170926E2,1.549761567E-1,NaN,3.575041924E-1,6.180519017E0,7.667565273E0,-1.000000000E0
5.086039054E1,4.133755627E1,1.982139312E1,1.228835399E2,1.637013956E2,9.699990659E-2,NaN,3.575503755E-1,6.180527319E0,7.709209679E0,-1.000000000E0
5.186041653E1,4.133755651E1,1.982139357E1,1.230387475E2,1.638566067E2,5.308828395E-2,NaN,3.576812874E-1,6.180535583E0,7.724108797E0,-1.000000000E0
5.286044097E1,4.133755582E1,1.982139485E1,1.233266186E2,1.641444820E2,4.998406753E-2,NaN,3.578725873E-1,6.180543759E0,7.758125750E0,-1.000000000E0
5.386046505E1,4.133755497E1,1.982139286E1,1.229468684E2,1.637647174E2,9.881277080E-2,NaN,3.579401123E-1,6.180551898E0,7.700867642E0,-1.000000000E0
5.486048996E1,4.133755477E1,1.982139363E1,1.231852614E2,1.640031138E2,2.456733971E-2,NaN,3.581174795E-1,6.180560044E0,7.740985251E0,-1.000000000E0
5.586051226E1,4.133755408E1,1.982139171E1,1.228743281E2,1.636921671E2,2.940427396E-1,NaN,3.582551486E-1,6.180568210E0,7.663080028E0,-1.000000000E0
5.686053503E1,4.133755527E1,1.982139220E1,1.231205229E2,1.639383695E2,1.025091281E-1,NaN,3.584461079E-1,6.180576367E0,7.703215656E0,-1.000000000E0
5.786055684E1,4.133755379E1,1.982139103E1,1.228254363E2,1.636432703E2,4.426852261E-1,NaN,3.584932914E-1,6.180584404E0,7.620634954E0,-1.000000000E0
5.886057734E1,4.133755364E1,1.982139155E1,1.228599029E2,1.636777391E2,1.070614524E-1,NaN,3.586930169E-1,6.180592551E0,7.636521034E0,-1.000000000E0
5.986059856E1,4.133755384E1,1.982138918E1,1.223672327E2,1.631850568E2,1.599904337E-1,NaN,3.587073001E-1,6.180600707E0,7.657967743E0,-1.000000000E0
6.086061788E1,4.133755380E1,1.982138934E1,1.223166775E2,1.631345022E2,1.491742955E-1,NaN,3.590389522E-1,6.180608840E0,7.684073914E0,-1.000000000E0
6.186063766E1,4.133755487E1,1.982139305E1,1.231477704E2,1.639656200E2,1.310972339E-1,NaN,3.591678086E-1,6.180617011E0,7.755542531E0,-1.000000000E0
6.286065733E1,4.133755384E1,1.982139232E1,1.228634224E2,1.636812638E2,3.208312788E-1,NaN,3.592027547E-1,6.180625212E0,7.605401217E0,-1.000000000E0
6.386067629E1,4.133755416E1,1.982139235E1,1.227411216E2,1.635589644E2,4.947758186E-2,NaN,3.593077051E-1,6.180633473E0,7.538210805E0,-1.000000000E0
6.486069465E1,4.133755382E1,1.982139118E1,1.224740377E2,1.632918727E2,7.298005111E-2,NaN,3.594896002E-1,6.180641646E0,7.548123962E0,-1.000000000E0
6.586071289E1,4.133755356E1,1.982139333E1,1.229090410E2,1.637268866E2,2.672647353E-1,NaN,3.597141886E-1,6.180649765E0,7.430569690E0,-1.000000000E0
6.686073077E1,4.133755318E1,1.982139597E1,1.231282849E2,1.639461436E2,1.804841702E-1,NaN,3.601131253E-1,6.180657896E0,7.458715844E0,-1.000000000E0
6.786074781E1,4.133754976E1,1.982139456E1,1.225624553E2,1.633802920E2,7.029651359E-1,2.008034377E2,3.615715052E-1,6.180666022E0,7.402761739E0,-1.000000000E0
6.886076581E1,4.133755462E1,1.982141078E1,1.223475769E2,1.631655230E2,1.195081061E-1,NaN,3.616280340E-1,6.155224991E0,7.410185986E0,-1.000000000E0
6.986078167E1,4.133755440E1,1.982141139E1,1.219028397E2,1.627207883E2,3.824459244E-1,NaN,3.618492314E-1,6.155233147E0,5.876570744E0,-1.000000000E0
7.086079919E1,4.133755591E1,1.982141312E1,1.215456209E2,1.623635851E2,7.780640484E-1,NaN,3.621245142E-1,6.155241452E0,4.496717662E0,-1.000000000E0
7.186081564E1,4.133755531E1,1.982140992E1,1.212732125E2,1.620911567E2,1.713242557E-1,NaN,3.624614320E-1,6.155249676E0,3.831967843E0,-1.000000000E0
7.286083114E1,4.133755466E1,1.982140597E1,1.210523156E2,1.618702354E2,5.365623671E-1,NaN,3.626050287E-1,6.155257854E0,3.654650666E0,-1.000000000E0
7.386084700E1,4.133755401E1,1.982140746E1,1.206600059E2,1.614779312E2,2.059250042E-1,NaN,3.632728542E-1,6.155266138E0,3.113551714E0,-1.000000000E0
7.486086333E1,4.133754957E1,1.982141285E1,1.204721945E2,1.612901310E2,1.023505430E0,NaN,3.633905539E-1,6.155274444E0,3.000000000E0,-1.000000000E0
7.586087918E1,4.133755047E1,1.982141210E1,1.203792146E2,1.611971508E2,1.757538512E-1,NaN,3.636209889E-1,6.155282526E0,3.915974197E0,-1.000000000E0
7.686089420E1,4.133755032E1,1.982140935E1,1.204163686E2,1.612342890E2,1.989218675E-1,NaN,3.637995630E-1,6.155290675E0,4.202184208E0,-1.000000000E0
7.786090887E1,4.133755154E1,1.982140797E1,1.204396876E2,1.612576055E2,4.410230911E-1,NaN,3.641030799E-1,6.155298933E0,4.425069129E0,-1.000000000E0
7.886092460E1,4.133755235E1,1.982140449E1,1.200068497E2,1.608247518E2,2.198197734E-1,NaN,3.646395759E-1,6.155307241E0,4.900032128E0,-1.000000000E0
7.986093915E1,4.133755105E1,1.982141068E1,1.209182549E2,1.617361857E2,4.385527795E-2,NaN,3.648952278E-1,6.155315473E0,5.176984316E0,-1.000000000E0
8.086095428E1,4.133755317E1,1.982140951E1,1.211005271E2,1.619184602E2,3.178251435E-1,NaN,3.651996303E-1,6.155323638E0,5.554307533E0,-1.000000000E0
8.186096835E1,4.133755156E1,1.982141246E1,1.214956509E2,1.623135935E2,1.168060572E-1,NaN,3.653868803E-1,6.155331887E0,5.743250925E0,-1.000000000E0
8.286098325E1,4.133755324E1,1.982141236E1,1.215026346E2,1.623205837E2,1.827259113E-1,NaN,3.655337581E-1,6.155340102E0,5.982304656E0,-1.000000000E0
8.386099720E1,4.133755205E1,1.982141312E1,1.216712499E2,1.624891982E2,1.478386861E-1,NaN,3.656697102E-1,6.155348370E0,6.051659674E0,-1.000000000E0
8.486101174E1,4.133755302E1,1.982141213E1,1.215451354E2,1.623630823E2,1.788106915E-1,NaN,3.658046011E-1,6.155356533E0,6.267783446E0,-1.000000000E0
8.586102641E1,4.133755417E1,1.982141266E1,1.216727703E2,1.624907248E2,2.921462238E-1,NaN,3.658859503E-1,6.155364733E0,6.417590060E0,-1.000000000E0
8.686104083E1,4.133755357E1,1.982141209E1,1.216361233E2,1.624540723E2,3.033847445E-1,NaN,3.659495508E-1,6.155373027E0,6.464346452E0,-1.000000000E0
8.786105490E1,4.133755374E1,1.982141136E1,1.215483481E2,1.623662937E2,7.486937188E-2,NaN,3.659648564E-1,6.155381174E0,6.584811060E0,-1.000000000E0
8.886106884E1,4.133755383E1,1.982141150E1,1.214198833E2,1.622378301E2,9.309605971E-2,NaN,3.660776657E-1,6.155389436E0,6.722762674E0,-1.000000000E0
8.986108243E1,4.133755297E1,1.982141080E1,1.212260269E2,1.620439662E2,5.370940869E-2,NaN,3.661852194E-1,6.155397603E0,6.709691908E0,-1.000000000E0
9.086109674E1,4.133755385E1,1.982141027E1,1.212003964E2,1.620183364E2,1.157007564E-1,NaN,3.662406623E-1,6.155405707E0,6.780107002E0,-1.000000000E0
9.186111033E1,4.133755353E1,1.982140975E1,1.210470403E2,1.618649763E2,9.233378930E-2,NaN,3.663419503E-1,6.155413952E0,6.783063913E0,-1.000000000E0
9.286112320E1,4.133755357E1,1.982140854E1,1.207599383E2,1.615778677E2,2.408174137E-1,NaN,3.667162976E-1,6.155422060E0,6.751865469E0,-1.000000000E0
9.386113787E1,4.133755127E1,1.982140527E1,1.205483207E2,1.613662226E2,9.010311545E-1,2.483594301E2,3.670973723E-1,6.155430248E0,6.747386086E0,-1.000000000E0
9.486115086E1,4.133754852E1,1.982140800E1,1.201319656E2,1.609498711E2,9.981644845E-1,NaN,3.673483865E-1,6.297245587E0,5.848692289E0,-1.000000000E0
9.586116493E1,4.133754644E1,1.982140682E1,1.198063905E2,1.606242810E2,6.192305883E-1,NaN,3.676392941E-1,6.297253485E0,5.205447560E0,-1.000000000E0
9.686117852E1,4.133754820E1,1.982140940E1,1.197925986E2,1.606105105E2,6.862030494E-1,NaN,3.678029960E-1,6.297261510E0,5.710086771E0,-1.000000000E0
9.786119163E1,4.133754962E1,1.982140892E1,1.198373488E2,1.606552640E2,1.592594972E-1,NaN,3.680093128E-1,6.297269580E0,5.943808782E0,-1.000000000E0
9.886120474E1,4.133755121E1,1.982141019E1,1.199411705E2,1.607590992E2,1.532476042E-1,NaN,3.680916452E-1,6.297277439E0,6.080276675E0,-1.000000000E0
9.986121857E1,4.133755099E1,1.982140925E1,1.197810222E2,1.605989448E2,1.751297766E-1,NaN,3.699697201E-1,6.297285533E0,6.154664840E0,-1.000000000E0
1.008612313E2,4.133755800E1,1.982142972E1,1.197995172E2,1.606175814E2,1.563139247E-1,NaN,3.701001159E-1,6.132696338E0,6.218937368E0,-1.000000000E0
1.018612453E2,4.133755911E1,1.982143021E1,1.197356078E2,1.605536793E2,2.190891750E-1,NaN,3.703988869E-1,6.132704534E0,5.480341113E0,-1.000000000E0
1.028612580E2,4.133756077E1,1.982143302E1,1.199214420E2,1.607395358E2,6.441641757E-1,NaN,3.712205105E-1,6.132712856E0,4.602510291E0,-1.000000000E0
1.038612717E2,4.133756812E1,1.982143399E1,1.198559320E2,1.606740616E2,1.417822637E0,5.641229752E0,3.716570983E-1,6.132721077E0,4.186054963E0,-1.000000000E0
1.048612840E2,4.133756421E1,1.982143365E1,1.195477782E2,1.603658898E2,9.358260691E-1,NaN,3.717174392E-1,6.619855802E0,3.965002756E0,-1.000000000E0
1.058612975E2,4.133756388E1,1.982143423E1,1.194839883E2,1.603021017E2,2.066903808E-1,NaN,3.720898518E-1,6.619863245E0,4.837987805E0,-1.000000000E0
1.068613104E2,4.133756689E1,1.982143619E1,1.194153572E2,1.602334938E2,1.141427591E-1,NaN,3.721652378E-1,6.619870808E0,5.223137770E0,-1.000000000E0
1.078613237E2,4.133756658E1,1.982143539E1,1.189997228E2,1.598178537E2,4.657585212E-1,NaN,3.723217981E-1,6.619878326E0,5.359095175E0,-1.000000000E0
1.088613371E2,4.133756798E1,1.982143529E1,1.190957714E2,1.599139076E2,3.179434085E-1,NaN,3.725615957E-1,6.619885746E0,5.691058777E0,-1.000000000E0
1.098613496E2,4.133756976E1,1.982143692E1,1.188614408E2,1.596795933E2,1.273242171E-1,NaN,3.729852663E-1,6.619893238E0,5.893741156E0,-1.000000000E0
1.108613628E2,4.133756699E1,1.982144040E1,1.198761204E2,1.606942806E2,7.593313062E-2,NaN,3.731911208E-1,6.619900885E0,6.232387422E0,-1.000000000E0
1.118613765E2,4.133756519E1,1.982143982E1,1.199542568E2,1.607724063E2,3.155409776E-1,NaN,3.736107910E-1,6.619908524E0,6.420168749E0,-1.000000000E0
1.128613893E2,4.133756413E1,1.982143499E1,1.198872194E2,1.607053381E2,3.979070808E-2,NaN,3.737491010E-1,6.619916091E0,6.605832079E0,-1.000000000E0
1.138614012E2,4.133756370E1,1.982143344E1,1.201200763E2,1.609381846E2,4.122402240E-2,NaN,3.738776874E-1,6.619923539E0,6.697992353E0,-1.000000000E0
1.148614155E2,4.133756296E1,1.982143225E1,1.202849677E2,1.611030664E2,1.167449773E-1,NaN,3.739474506E-1,6.619931099E0,6.808264764E0,-1.000000000E0
1.158614291E2,4.133756319E1,1.982143147E1,1.203348338E2,1.611529291E2,2.419103586E-1,NaN,3.741434672E-1,6.619938708E0,6.843848591E0,-1.000000000E0
1.168614413E2,4.133756282E1,1.982142917E1,1.204066135E2,1.612246947E2,3.849895515E-1,NaN,3.743995479E-1,6.619946242E0,6.887056881E0,-1.000000000E0
1.178614535E2,4.133756161E1,1.982142656E1,1.202460518E2,1.610641137E2,4.191044113E-1,NaN,3.744849008E-1,6.619953763E0,7.015056214E0,-1.000000000E0
1.188614668E2,4.133756213E1,1.982142581E1,1.203109487E2,1.611290085E2,1.155799447E-1,NaN,3.746120492E-1,6.619961320E0,7.055484179E0,-1.000000000E0
1.198614802E2,4.133756299E1,1.982142681E1,1.201709423E2,1.609890112E2,7.274288988E-1,NaN,3.747867958E-1,6.619968871E0,7.044382390E0,-1.000000000E0
1.208614930E2,4.133756241E1,1.982142486E1,1.202728767E2,1.610909325E2,5.836217408E-1,NaN,3.749248121E-1,6.619976430E0,7.055710077E0,-1.000000000E0
1.218615060E2,4.133756308E1,1.982142347E1,1.201946580E2,1.610127089E2,1.160075761E-1,NaN,3.752059471E-1,6.619983862E0,7.016390571E0,-1.000000000E0
1.228615181E2,4.133756561E1,1.982142346E1,1.206122707E2,1.614303319E2,7.333637132E-2,NaN,3.753440692E-1,6.619991407E0,7.230326427E0,-1.000000000E0
1.238615317E2,4.133756480E1,1.982142220E1,1.204972772E2,1.613153282E2,3.962310508E-2,NaN,3.754409632E-1,6.619998983E0,7.168058573E0,-1.000000000E0
1.248615441E2,4.133756555E1,1.982142278E1,1.207746011E2,1.615926584E2,1.971194429E-1,NaN,3.755186693E-1,6.620006569E0,7.235474093E0,-1.000000000E0
1.258615574E2,4.133756607E1,1.982142215E1,1.208110660E2,1.616291221E2,2.242059326E-1,NaN,3.755624435E-1,6.620014070E0,7.170626515E0,-1.000000000E0
1.268615705E2,4.133756646E1,1.982142208E1,1.205903508E2,1.614084080E2,3.379383420E-1,NaN,3.755928189E-1,6.620021656E0,6.157936689E0,-1.000000000E0
1.278615829E2,4.133756645E1,1.982142171E1,1.206011521E2,1.614192073E2,1.736271542E-1,NaN,3.756157716E-1,6.620029226E0,6.596170439E0,-1.000000000E0
1.288615962E2,4.133756633E1,1.982142150E1,1.206122940E2,1.614303475E2,1.605841867E-1,NaN,3.757544181E-1,6.620036789E0,6.749692651E0,-1.000000000E0
1.298616083E2,4.133756544E1,1.982142033E1,1.205596083E2,1.613776516E2,5.349742736E-2,NaN,3.758462174E-1,6.620044385E0,6.751275068E0,-1.000000000E0
1.308616208E2,4.133756509E1,1.982141934E1,1.203815559E2,1.611995923E2,1.888974587E-1,NaN,3.760693692E-1,6.620052004E0,6.868341376E0,-1.000000000E0
1.318616346E2,4.133756709E1,1.982141923E1,1.206976771E2,1.615157213E2,3.122815079E-1,NaN,3.780610263E-1,6.620059561E0,7.027626613E0,-1.000000000E0
1.328616471E2,4.133757914E1,1.982143688E1,1.209796187E2,1.617978098E2,8.006134045E-2,NaN,3.781385261E-1,6.480697604E0,7.167339295E0,-1.000000000E0
1.338616605E2,4.133757980E1,1.982143719E1,1.208615859E2,1.616797814E2,1.747758044E-1,NaN,3.782635295E-1,6.480705414E0,6.204416121E0,-1.000000000E0
1.348616730E2,4.133758086E1,1.982143769E1,1.206226551E2,1.614408578E2,3.908353919E-1,NaN,3.786697101E-1,6.480713161E0,5.607687179E0,-1.000000000E0
1.358605198E2,4.133758417E1,1.982143975E1,1.202411520E2,1.610593798E2,8.694403074E-1,2.146092054E1,3.788999134E-1,6.480720849E0,5.977503436E0,-1.000000000E0
1.368605192E2,4.133758350E1,1.982143714E1,1.199288983E2,1.607471089E2,9.302180364E-1,NaN,3.791169987E-1,6.494636697E0,5.070580091E0,-1.000000000E0
1.378605317E2,4.133758488E1,1.982143898E1,1.196881294E2,1.605063558E2,7.240366289E-1,NaN,3.791842521E-1,6.494644500E0,4.825467502E0,-1.000000000E0
1.388605281E2,4.133758435E1,1.982143936E1,1.194186837E2,1.602369101E2,2.389997308E-1,NaN,3.793389143E-1,6.494652227E0,4.833479455E0,-1.000000000E0
1.398605363E2,4.133758337E1,1.982143805E1,1.193204780E2,1.601386931E2,1.887999087E-1,NaN,3.793973663E-1,6.494660055E0,5.753723741E0,-1.000000000E0
1.408605512E2,4.133758295E1,1.982143762E1,1.193177105E2,1.601359215E2,1.932118135E-1,NaN,3.794998443E-1,6.494667727E0,5.960741311E0,-1.000000000E0
1.418605469E2,4.133758321E1,1.982143644E1,1.192359852E2,1.600541908E2,3.706831991E-1,NaN,3.797994682E-1,6.494675357E0,6.146779797E0,-1.000000000E0
1.428605496E2,4.133758070E1,1.982143511E1,1.196444805E2,1.604626684E2,2.827614262E-1,NaN,3.798527980E-1,6.494683147E0,6.309916814E0,-1.000000000E0
1.438605640E2,4.133758024E1,1.982143526E1,1.204348385E2,1.612530252E2,3.069997840E-1,NaN,3.800407169E-1,6.494690991E0,6.616485943E0,-1.000000000E0
1.448605664E2,4.133757876E1,1.982143415E1,1.206768871E2,1.614950617E2,1.163841461E-1,NaN,3.801127600E-1,6.494698758E0,6.838195604E0,-1.000000000E0
1.458605711E2,4.133757849E1,1.982143337E1,1.206709281E2,1.614890973E2,1.419306992E-1,NaN,3.802313743E-1,6.494706417E0,6.868663812E0,-1.000000000E0
1.468605863E2,4.133757826E1,1.982143199E1,1.204664348E2,1.612845954E2,1.360335345E-1,NaN,3.803107540E-1,6.494714081E0,6.850492344E0,-1.000000000E0
1.478605829E2,4.133757756E1,1.982143219E1,1.205382944E2,1.613564532E2,4.289380072E-2,NaN,3.803368494E-1,6.494721832E0,6.795872862E0,-1.000000000E0
1.488605922E2,4.133757745E1,1.982143247E1,1.207037500E2,1.615219099E2,1.207488582E-2,NaN,3.804084973E-1,6.494729597E0,6.885904845E0,-1.000000000E0
1.498606074E2,4.133757810E1,1.982143245E1,1.208997130E2,1.617178755E2,7.406789585E-2,NaN,3.805886772E-1,6.494737325E0,6.885076895E0,-1.000000000E0
1.508606225E2,4.133757814E1,1.982143030E1,1.208202962E2,1.616384470E2,1.320786020E-1,NaN,3.806587792E-1,6.494745145E0,6.974966654E0,-1.000000000E0
1.518606378E2,4.133757875E1,1.982143050E1,1.209374802E2,1.617556347E2,1.242314946E-1,NaN,3.807850303E-1,6.494752926E0,7.025140099E0,-1.000000000E0
1.528606526E2,4.133757947E1,1.982142933E1,1.207222669E2,1.615404179E2,2.013145823E-1,NaN,3.808566195E-1,6.494760723E0,7.083876624E0,-1.000000000E0
1.538606678E2,4.133757883E1,1.982142943E1,1.208103620E2,1.616285109E2,9.331744132E-2,NaN,3.809749953E-1,6.494768555E0,7.072379711E0,-1.000000000E0
1.548606834E2,4.133757916E1,1.982142807E1,1.206371718E2,1.614553146E2,5.704527203E-2,NaN,3.811742166E-1,6.494776261E0,7.113326406E0,-1.000000000E0
1.558606981E2,4.133758094E1,1.982142830E1,1.208969480E2,1.617150994E2,7.788526864E-2,NaN,3.812741124E-1,6.494784057E0,7.220389115E0,-1.000000000E0
1.568607122E2,4.133758080E1,1.982142711E1,1.207958634E2,1.616140078E2,1.064217564E-1,NaN,3.815514502E-1,6.494791828E0,7.196132752E0,-1.000000000E0
1.578607280E2,4.133758330E1,1.982142717E1,1.210060771E2,1.618242320E2,1.641120038E-1,NaN,3.815964925E-1,6.494799672E0,7.235604750E0,-1.000000000E0
1.588607421E2,4.133758340E1,1.982142665E1,1.210915946E2,1.619097471E2,9.343677903E-2,NaN,3.818383115E-1,6.494807371E0,7.289514315E0,-1.000000000E0
1.598607568E2,4.133758550E1,1.982142589E1,1.210764614E2,1.618946184E2,1.382679123E-1,NaN,3.820051836E-1,6.494815093E0,7.335413060E0,-1.000000000E0
1.608607702E2,4.133758479E1,1.982142413E1,1.210189348E2,1.618370792E2,1.470935907E-1,NaN,3.820818331E-1,6.494822790E0,7.335183442E0,-1.000000000E0
1.618607846E2,4.133758415E1,1.982142380E1,1.209171777E2,1.617353176E2,7.653801729E-2,NaN,3.822746711E-1,6.494830501E0,7.284337579E0,-1.000000000E0
1.628607996E2,4.133758459E1,1.982142156E1,1.207239926E2,1.615421220E2,7.000049651E-1,NaN,3.824624528E-1,6.494838262E0,6.250398230E0,-1.000000000E0
1.638608134E2,4.133758473E1,1.982141932E1,1.204583741E2,1.612764918E2,3.600696729E-1,NaN,3.835263884E-1,6.494846052E0,5.955346749E0,-1.000000000E0
1.648608272E2,4.133757878E1,1.982142930E1,1.202199103E2,1.610380582E2,1.761023509E-1,NaN,3.837291595E-1,6.314720858E0,6.404424838E0,-1.000000000E0
1.658608414E2,4.133757728E1,1.982143068E1,1.201705679E2,1.609887172E2,1.594776749E-1,NaN,3.838335216E-1,6.314728842E0,6.269956572E0,-1.000000000E0
1.668608555E2,4.133757670E1,1.982142970E1,1.199363065E2,1.607544480E2,1.533416340E-1,NaN,3.839765658E-1,6.314736777E0,6.194391750E0,-1.000000000E0
1.678608694E2,4.133757548E1,1.982142914E1,1.197517896E2,1.605699230E2,2.208261326E-1,NaN,3.840946005E-1,6.314744854E0,6.016072514E0,-1.000000000E0
1.688608832E2,4.133757445E1,1.982142949E1,1.199632849E2,1.607814159E2,1.176246258E-1,NaN,3.845973718E-1,6.314752890E0,5.929421837E0,-1.000000000E0
1.698608975E2,4.133757306E1,1.982143522E1,1.207779476E2,1.615961044E2,1.654050254E-1,NaN,3.846406792E-1,6.314760951E0,6.043978826E0,-1.000000000E0
1.708609108E2,4.133757302E1,1.982143470E1,1.209045220E2,1.617226758E2,7.990439015E-2,NaN,3.848197692E-1,6.314769024E0,6.024788331E0,-1.000000000E0
1.718609251E2,4.133757214E1,1.982143650E1,1.209313015E2,1.617494616E2,1.651502560E-1,NaN,3.851836249E-1,6.314776965E0,6.285629924E0,-1.000000000E0
1.728609388E2,4.133757537E1,1.982143578E1,1.213746810E2,1.621928505E2,6.530669337E-2,NaN,3.854831398E-1,6.314784912E0,6.604108852E0,-1.000000000E0
1.738609520E2,4.133757802E1,1.982143517E1,1.218780692E2,1.626962463E2,1.418175062E-1,NaN,3.855884364E-1,6.314792989E0,6.828440080E0,-1.000000000E0
1.748609660E2,4.133757708E1,1.982143498E1,1.218388833E2,1.626570554E2,8.820629641E-2,NaN,3.856623913E-1,6.314800980E0,6.878468180E0,-1.000000000E0
1.758609798E2,4.133757754E1,1.982143434E1,1.218438070E2,1.626619776E2,1.401386218E-1,NaN,3.857680805E-1,6.314808980E0,7.077690299E0,-1.000000000E0
1.768609923E2,4.133757661E1,1.982143460E1,1.217693984E2,1.625875665E2,7.031815783E-2,NaN,3.857751003E-1,6.314816987E0,7.127204314E0,-1.000000000E0
1.778610071E2,4.133757667E1,1.982143463E1,1.219814006E2,1.627995691E2,1.082996772E-1,NaN,3.858757027E-1,6.314824981E0,7.216648066E0,-1.000000000E0
1.788610202E2,4.133757598E1,1.982143540E1,1.219751383E2,1.627933082E2,7.113583777E-2,NaN,3.861547389E-1,6.314833021E0,7.216534103E0,-1.000000000E0
1.798610334E2,4.133757766E1,1.982143788E1,1.224439827E2,1.632621732E2,2.619372197E-1,NaN,3.864197147E-1,6.314841077E0,7.395727362E0,-1.000000000E0
1.808610464E2,4.133757998E1,1.982143714E1,1.225344807E2,1.633526767E2,1.741460099E-1,NaN,3.865058528E-1,6.314849083E0,7.522660254E0,-1.000000000E0
1.818610601E2,4.133757956E1,1.982143627E1,1.223187344E2,1.631369239E2,9.070353631E-2,NaN,3.867578510E-1,6.314857194E0,7.449169530E0,-1.000000000E0
1.828610737E2,4.133758182E1,1.982143615E1,1.224446721E2,1.632628703E2,1.868246216E-1,NaN,3.868607704E-1,6.314865141E0,7.534524660E0,-1.000000000E0
1.838610874E2,4.133758102E1,1.982143552E1,1.223219296E2,1.631401210E2,1.161839745E-1,NaN,3.869096643E-1,6.314873192E0,7.528619944E0,-1.000000000E0
1.848611006E2,4.133758133E1,1.982143511E1,1.223518080E2,1.631699985E2,8.236053632E-2,NaN,3.869454577E-1,6.314881247E0,7.567952479E0,-1.000000000E0
1.858611141E2,4.133758154E1,1.982143478E1,1.221772816E2,1.629954710E2,3.069934433E-2,NaN,3.870294172E-1,6.314889288E0,7.548520837E0,-1.000000000E0
1.868611284E2,4.133758213E1,1.982143416E1,1.222179681E2,1.630361566E2,2.228912930E-2,NaN,3.875727807E-1,6.314897392E0,7.553441482E0,-1.000000000E0
1.878611411E2,4.133757964E1,1.982142856E1,1.219410177E2,1.627591652E2,1.306410514E0,2.444574519E2,3.880358454E-1,6.314905461E0,7.015536725E0,-1.000000000E0
1.888611544E2,4.133758104E1,1.982143378E1,1.219465345E2,1.627647165E2,2.125913502E-1,NaN,3.881448821E-1,6.522545704E0,7.155919846E0,-1.000000000E0
1.898611672E2,4.133758024E1,1.982143304E1,1.217374135E2,1.625555880E2,8.814983921E-2,NaN,3.881934525E-1,6.522553321E0,7.136302020E0,-1.000000000E0
1.908611803E2,4.133758001E1,1.982143254E1,1.215036039E2,1.623217747E2,1.121562111E-1,NaN,3.883778173E-1,6.522561002E0,7.260691914E0,-1.000000000E0
1.918611937E2,4.133758029E1,1.982143472E1,1.218049491E2,1.626231331E2,1.259681534E-1,NaN,3.886666798E-1,6.522568811E0,7.429486469E0,-1.000000000E0
1.928612078E2,4.133757772E1,1.982143421E1,1.219970049E2,1.628151755E2,6.836586386E-1,1.885160229E2,3.891278687E-1,6.522576409E0,7.369058768E0,-1.000000000E0
1.938612217E2,4.133758018E1,1.982143866E1,1.223805939E2,1.631987992E2,2.562706973E-1,NaN,3.892811154E-1,6.650133398E0,7.446831472E0,-1.000000000E0
1.948612342E2,4.133758055E1,1.982143689E1,1.219762498E2,1.627944468E2,4.010941332E-1,NaN,3.900865977E-1,6.650141019E0,7.410601615E0,-1.000000000E0
1.958612474E2,4.133758443E1,1.982144504E1,1.212221762E2,1.620404342E2,2.769507982E0,5.653571773E1,3.905132698E-1,6.650148425E0,6.983885884E0,-1.000000000E0
1.968612605E2,4.133758513E1,1.982145007E1,1.215433536E2,1.623616420E2,1.052256827E-1,NaN,3.906291253E-1,6.501707597E0,7.223559083E0,-1.000000000E0
1.978612745E2,4.133758527E1,1.982145144E1,1.214608392E2,1.622791358E2,7.068605496E-2,NaN,3.907743398E-1,6.501715350E0,6.711662643E0,-1.000000000E0
1.988612875E2,4.133758549E1,1.982145316E1,1.214428102E2,1.622611172E2,1.040753130E-1,NaN,3.909857122E-1,6.501723123E0,6.228035958E0,-1.000000000E0
1.998613007E2,4.133758733E1,1.982145379E1,1.212468288E2,1.620651469E2,3.969645792E-1,NaN,3.911424264E-1,6.501730821E0,5.625430914E0,-1.000000000E0
2.008613145E2,4.133758820E1,1.982145232E1,1.207132470E2,1.615315606E2,5.208518137E-1,NaN,3.913115113E-1,6.501738444E0,5.223172212E0,-1.000000000E0
2.018613266E2,4.133758707E1,1.982145368E1,1.202987130E2,1.611170294E2,3.438720976E-1,NaN,3.913531957E-1,6.501746110E0,5.622271705E0,-1.000000000E0
2.028613409E2,4.133758692E1,1.982145414E1,1.199380517E2,1.607563700E2,2.792900541E-1,NaN,3.916335743E-1,6.501753916E0,5.732147379E0,-1.000000000E0
2.038613533E2,4.133758918E1,1.982145263E1,1.195317817E2,1.603501010E2,3.046808218E-1,NaN,3.918000482E-1,6.501761664E0,6.149211887E0,-1.000000000E0
2.048613672E2,4.133758773E1,1.982145213E1,1.191376745E2,1.599559851E2,3.573729566E-1,NaN,3.918767191E-1,6.501769367E0,5.730026753E0,-1.000000000E0
2.058613797E2,4.133758832E1,1.982145259E1,1.189533583E2,1.597716739E2,3.264766375E-1,NaN,3.923631680E-1,6.501776972E0,5.213474673E0,-1.000000000E0
2.068613931E2,4.133758768E1,1.982145836E1,1.195362792E2,1.603546238E2,1.221174398E0,5.550491490E1,3.931276385E-1,6.501784704E0,5.897152380E0,-1.000000000E0
2.078614067E2,4.133758279E1,1.982145192E1,1.200079778E2,1.608262667E2,1.240091158E-1,NaN,3.933969590E-1,6.583498330E0,6.068970843E0,-1.000000000E0
2.088614191E2,4.133758047E1,1.982145100E1,1.202898349E2,1.611081092E2,1.823204097E-1,NaN,3.935903997E-1,6.583505862E0,6.491559541E0,-1.000000000E0
2.098614334E2,4.133757883E1,1.982145176E1,1.205118956E2,1.613301673E2,1.468286705E-1,NaN,3.937992361E-1,6.583513423E0,6.613151672E0,-1.000000000E0
2.108614464E2,4.133757996E1,1.982144977E1,1.209154957E2,1.617337611E2,1.971507984E-1,NaN,3.939340469E-1,6.583520994E0,6.911030546E0,-1.000000000E0
2.118614595E2,4.133757875E1,1.982144992E1,1.210184135E2,1.618366748E2,1.408842426E-1,NaN,3.940607710E-1,6.583528568E0,6.996678854E0,-1.000000000E0
2.128614730E2,4.133757929E1,1.982144858E1,1.208214470E2,1.616397031E2,1.935197809E-1,NaN,3.941015001E-1,6.583536118E0,6.960258493E0,-1.000000000E0
2.138614863E2,4.133757920E1,1.982144811E1,1.209877351E2,1.618059883E2,1.228910446E-1,NaN,3.942902584E-1,6.583543685E0,7.143730234E0,-1.000000000E0
2.148614998E2,4.133757782E1,1.982144679E1,1.209918678E2,1.618101080E2,3.616486179E-1,NaN,3.945165698E-1,6.583551385E0,7.109825300E0,-1.000000000E0
2.158615122E2,4.133757895E1,1.982144904E1,1.209664180E2,1.617846752E2,5.958470809E-1,NaN,3.947166056E-1,6.583558899E0,7.139769425E0,-1.000000000E0
2.168615249E2,4.133757737E1,1.982144790E1,1.209672069E2,1.617854513E2,5.849954191E-1,NaN,3.947816724E-1,6.583566451E0,7.118417697E0,-1.000000000E0
2.178615386E2,4.133757697E1,1.982144733E1,1.208592114E2,1.616774511E2,1.998862585E-1,NaN,3.948980640E-1,6.583574058E0,7.107171512E0,-1.000000000E0
2.188615513E2,4.133757596E1,1.982144700E1,1.208800637E2,1.616982973E2,2.728808341E-1,NaN,3.950436089E-1,6.583581622E0,7.103531340E0,-1.000000000E0
2.198615652E2,4.133757688E1,1.982144823E1,1.209261869E2,1.617444311E2,1.622625862E-1,NaN,3.952414131E-1,6.583589184E0,7.154204182E0,-1.000000000E0
2.208615776E2,4.133757633E1,1.982145048E1,1.213670832E2,1.621853376E2,8.943636033E-2,NaN,3.954476108E-1,6.583596699E0,7.236818046E0,-1.000000000E0
2.218615918E2,4.133757745E1,1.982145245E1,1.217586212E2,1.625768910E2,1.548140386E-1,NaN,3.957084493E-1,6.583604306E0,7.369162550E0,-1.000000000E0
2.228616039E2,4.133757641E1,1.982145524E1,1.220509354E2,1.628692162E2,1.455621367E-1,NaN,3.959983739E-1,6.583611870E0,7.282491629E0,-1.000000000E0
2.238616172E2,4.133757898E1,1.982145584E1,1.218117472E2,1.626300419E2,8.136940919E-1,3.457843613E1,3.960743553E-1,6.583619454E0,7.409660674E0,-1.000000000E0
2.248616307E2,4.133757830E1,1.982145568E1,1.214626841E2,1.622809752E2,1.064733463E0,4.953638185E1,3.966336680E-1,6.709276742E0,6.120268432E0,-1.000000000E0
2.258616433E2,4.133757659E1,1.982144938E1,1.209957023E2,1.618139516E2,4.733334037E-1,NaN,3.974636436E-1,6.818002674E0,4.992240710E0,-1.000000000E0
2.268616564E2,4.133757949E1,1.982144022E1,1.200969034E2,1.609151144E2,1.495008305E0,3.238631220E2,3.980842138E-1,6.818010037E0,5.433537844E0,-1.000000000E0
2.278616706E2,4.133757391E1,1.982143997E1,1.199464856E2,1.607646721E2,4.273240817E-1,NaN,3.995287223E-1,7.003352633E0,5.902134564E0,-1.000000000E0
2.288616830E2,4.133757277E1,1.982145721E1,1.201953956E2,1.610136722E2,1.956962200E-1,NaN,3.998771710E-1,6.870273661E0,6.266003056E0,-1.000000000E0
2.298616960E2,4.133757397E1,1.982146106E1,1.204628120E2,1.612811147E2,2.202356133E-1,NaN,4.001542676E-1,6.870281055E0,6.098712682E0,-1.000000000E0
2.308617100E2,4.133757543E1,1.982146375E1,1.203694059E2,1.611877295E2,2.274123446E-1,NaN,4.005456671E-1,6.870288228E0,6.168563200E0,-1.000000000E0
2.318617232E2,4.133757532E1,1.982146844E1,1.205262623E2,1.613446112E2,2.792892951E-1,NaN,4.008323398E-1,6.870295548E0,6.358564236E0,-1.000000000E0
2.328617362E2,4.133757602E1,1.982147174E1,1.204658352E2,1.612842052E2,1.722997579E-1,NaN,4.011546497E-1,6.870302712E0,6.555615938E0,-1.000000000E0
2.338617487E2,4.133757629E1,1.982147559E1,1.205217382E2,1.613401305E2,1.549463382E-1,NaN,4.013081314E-1,6.870309981E0,6.697900308E0,-1.000000000E0
2.348617622E2,4.133757569E1,1.982147724E1,1.203446684E2,1.611630672E2,1.252566024E-1,NaN,4.014619387E-1,6.870317250E0,6.612143291E0,-1.000000000E0
2.358617755E2,4.133757431E1,1.982147712E1,1.207696760E2,1.615880685E2,1.673814833E-1,NaN,4.018430891E-1,6.870324464E0,6.610974989E0,-1.000000000E0
2.368617887E2,4.133757122E1,1.982147911E1,1.214507178E2,1.622691084E2,1.022097465E-1,NaN,4.020843485E-1,6.870331732E0,7.059859717E0,-1.000000000E0
2.378618020E2,4.133756956E1,1.982147725E1,1.216394203E2,1.624577939E2,1.129195688E-1,NaN,4.025069873E-1,6.870339010E0,7.062765541E0,-1.000000000E0
2.388618145E2,4.133756894E1,1.982148225E1,1.218584470E2,1.626768455E2,2.172471554E-1,NaN,4.026783724E-1,6.870346280E0,7.127514257E0,-1.000000000E0
2.398618288E2,4.133756881E1,1.982148020E1,1.217839689E2,1.626023556E2,2.102672133E-1,NaN,4.027949260E-1,6.870353478E0,7.201263220E0,-1.000000000E0
2.408618411E2,4.133756781E1,1.982147979E1,1.220564766E2,1.628748569E2,1.302609168E-1,NaN,4.029724073E-1,6.870360657E0,7.256682983E0,-1.000000000E0
2.418618541E2,4.133756734E1,1.982147776E1,1.221121967E2,1.629305639E2,4.108847404E-2,NaN,4.032016515E-1,6.870367849E0,7.360803007E0,-1.000000000E0
2.428618672E2,4.133756694E1,1.982147507E1,1.219730832E2,1.627914339E2,7.770934711E-2,NaN,4.033751515E-1,6.870375044E0,7.356889738E0,-1.000000000E0
2.438618804E2,4.133756824E1,1.982147392E1,1.218324175E2,1.626507672E2,2.266511082E-1,NaN,4.034386807E-1,6.870382201E0,7.461314360E0,-1.000000000E0
2.448618939E2,4.133756820E1,1.982147468E1,1.221050517E2,1.629234054E2,5.444291542E-2,NaN,4.035505631E-1,6.870389459E0,7.538335986E0,-1.000000000E0
2.458619076E2,4.133756749E1,1.982147373E1,1.220760477E2,1.628943934E2,7.792434263E-2,NaN,4.037313877E-1,6.870396695E0,7.426396265E0,-1.000000000E0
2.468619193E2,4.133756754E1,1.982147590E1,1.224421193E2,1.632604770E2,1.265073277E-1,NaN,4.038987076E-1,6.870403932E0,7.368127747E0,-1.000000000E0
2.478619326E2,4.133756719E1,1.982147395E1,1.222614470E2,1.630797925E2,2.889478672E-1,NaN,4.040915393E-1,6.870411237E0,7.263067982E0,-1.000000000E0
2.488619459E2,4.133756674E1,1.982147618E1,1.224918403E2,1.633101963E2,1.233514054E-1,NaN,4.041730243E-1,6.870418482E0,7.308315635E0,-1.000000000E0
2.498619592E2,4.133756692E1,1.982147524E1,1.223678195E2,1.631861711E2,3.607852950E-2,NaN,4.043043376E-1,6.870425798E0,7.341029963E0,-1.000000000E0
2.508619720E2,4.133756688E1,1.982147681E1,1.226787429E2,1.634971029E2,1.941826153E-1,NaN,4.043444089E-1,6.870433003E0,7.456682570E0,-1.000000000E0
2.518619859E2,4.133756722E1,1.982147663E1,1.225310331E2,1.633493935E2,1.397739750E-1,NaN,4.044610805E-1,6.870440168E0,7.589479483E0,-1.000000000E0
2.528619993E2,4.133756690E1,1.982147530E1,1.222986903E2,1.631170420E2,4.768475329E-2,NaN,4.046411721E-1,6.870447518E0,7.628774839E0,-1.000000000E0
2.538620121E2,4.133756669E1,1.982147316E1,1.221017524E2,1.629200916E2,1.989987083E-1,NaN,4.047507437E-1,6.870454717E0,7.665868704E0,-1.000000000E0
2.548620256E2,4.133756659E1,1.982147185E1,1.219000055E2,1.627183370E2,1.288259213E-1,NaN,4.049299947E-1,6.870461990E0,7.764007742E0,-1.000000000E0
2.558620387E2,4.133756760E1,1.982147352E1,1.222203001E2,1.630386451E2,2.480698193E-2,NaN,4.052618346E-1,6.870469288E0,7.817888410E0,-1.000000000E0
2.568620517E2,4.133756777E1,1.982147749E1,1.227335681E2,1.635519355E2,1.201978012E-1,NaN,4.053473509E-1,6.870476480E0,7.810174337E0,-1.000000000E0
2.578620647E2,4.133756700E1,1.982147749E1,1.225271077E2,1.633454719E2,2.047269125E-2,NaN,4.053881845E-1,6.870483771E0,7.689360847E0,-1.000000000E0
2.588620775E2,4.133756705E1,1.982147797E1,1.225701958E2,1.633885629E2,3.044648678E-2,NaN,4.054898750E-1,6.870490918E0,7.697481526E0,-1.000000000E0
2.598620906E2,4.133756767E1,1.982147887E1,1.229382953E2,1.637566699E2,1.277621174E-1,NaN,4.077819558E-1,6.870498104E0,7.757560635E0,-1.000000000E0
2.608621039E2,4.133758679E1,1.982148911E1,1.207933330E2,1.616118432E2,8.074295019E-2,NaN,4.078423456E-1,6.464649634E0,3.000000000E1,-1.000000000E0
2.618612651E2,4.133758693E1,1.982148981E1,1.225801047E2,1.633986193E2,3.225031859E-1,NaN,4.079370595E-1,6.464657225E0,7.576481488E0,-1.000000000E0
2.628612615E2,4.133758713E1,1.982148871E1,1.223871438E2,1.632056531E2,1.626670263E-1,NaN,4.080320822E-1,6.464665093E0,7.609206085E0,-1.000000000E0
2.638612689E2,4.133758702E1,1.982148984E1,1.224697644E2,1.632882794E2,1.005605393E-1,NaN,4.081584897E-1,6.464672802E0,7.629465287E0,-1.000000000E0
2.648612634E2,4.133758683E1,1.982148834E1,1.221535140E2,1.629720200E2,1.684549403E-1,NaN,4.272439563E-1,6.464680603E0,7.562216988E0,-1.000000000E0
2.658612496E2,4.133756466E1,1.982126166E1,1.222014234E2,1.630185908E2,1.049796646E-1,NaN,4.274289163E-1,1.424595459E1,7.486680830E0,-1.000000000E0
2.668612500E2,4.133756375E1,1.982125981E1,1.222764376E2,1.630935910E2,1.355610244E-1,NaN,4.275745640E-1,1.424595459E1,7.662715018E0,-1.000000000E0
2.678612412E2,4.133756246E1,1.982125954E1,1.223525156E2,1.631696622E2,1.947516513E-1,NaN,4.279856504E-1,1.424595459E1,7.495983506E0,-1.000000000E0
2.688612233E2,4.133756613E1,1.982126003E1,1.225799719E2,1.633971364E2,2.063733164E-1,NaN,4.284269158E-1,1.424595459E1,7.445153488E0,-1.000000000E0
2.698612200E2,4.133756865E1,1.982125594E1,1.222755368E2,1.630926893E2,1.372466499E-1,NaN,4.285151487E-1,1.424595459E1,7.360327010E0,-1.000000000E0
2.708612053E2,4.133756798E1,1.982125538E1,1.221389622E2,1.629561088E2,9.571078306E-2,NaN,4.288387208E-1,1.424595459E1,7.302050883E0,-1.000000000E0
2.718611870E2,4.133757033E1,1.982125310E1,1.218808859E2,1.626980296E2,3.465907318E-1,NaN,4.293385367E-1,1.424595459E1,7.238293588E0,-1.000000000E0
2.728611822E2,4.133756760E1,1.982124834E1,1.218145888E2,1.626316951E2,4.418629999E-1,NaN,4.297848053E-1,1.424595459E1,7.161316992E0,-1.000000000E0
2.738611671E2,4.133756847E1,1.982125356E1,1.218238007E2,1.626409393E2,3.874461429E-2,NaN,4.301505554E-1,1.424595459E1,7.244103604E0,-1.000000000E0
2.748611503E2,4.133756569E1,1.982125121E1,1.216826508E2,1.624997649E2,8.005788281E-2,NaN,4.319046098E-1,1.424595459E1,7.253690129E0,-1.000000000E0
2.758611460E2,4.133757833E1,1.982126379E1,1.222792964E2,1.630965321E2,1.085491199E-1,NaN,4.322472885E-1,1.424595459E1,7.408016216E0,-1.000000000E0
2.768611418E2,4.133757572E1,1.982126160E1,1.221676686E2,1.629848815E2,3.031786946E-2,NaN,4.515452533E-1,1.424595459E1,7.356686990E0,-1.000000000E0
2.778611395E2,4.133759275E1,1.982149163E1,1.230547663E2,1.638733149E2,2.606819178E-1,NaN,4.516924002E-1,6.464781629E0,7.552854522E0,-1.000000000E0
2.788611368E2,4.133759143E1,1.982149139E1,1.229000821E2,1.637186240E2,9.530978206E-2,NaN,4.518684404E-1,6.464789438E0,7.543935000E0,-1.000000000E0
2.798611367E2,4.133759022E1,1.982149005E1,1.224010356E2,1.632195650E2,7.984609398E-2,NaN,4.520104306E-1,6.464797108E0,7.540070213E0,-1.000000000E0
2.808611361E2,4.133758969E1,1.982148849E1,1.223233915E2,1.631419102E2,1.193698219E-1,NaN,4.522368257E-1,6.464804903E0,7.474297997E0,-1.000000000E0
2.818611366E2,4.133759042E1,1.982148596E1,1.221809813E2,1.629994891E2,1.852016918E-1,NaN,4.524081085E-1,6.464812764E0,7.455366370E0,-1.000000000E0
2.828611362E2,4.133759042E1,1.982148391E1,1.220180556E2,1.628365521E2,8.640809427E-2,NaN,4.524553042E-1,6.464820545E0,7.518936228E0,-1.000000000E0
2.838611381E2,4.133758999E1,1.982148390E1,1.221563811E2,1.629748758E2,9.833925453E-2,NaN,4.525643974E-1,6.464828414E0,7.570295942E0,-1.000000000E0
2.848611408E2,4.133759018E1,1.982148262E1,1.220557581E2,1.628742465E2,8.201356343E-2,NaN,4.526625942E-1,6.464836070E0,7.652693817E0,-1.000000000E0
2.858611443E2,4.133758957E1,1.982148177E1,1.219854339E2,1.628039151E2,1.113966453E-1,NaN,4.528485789E-1,6.464843950E0,7.655029937E0,-1.000000000E0
2.868611467E2,4.133759116E1,1.982148108E1,1.220441878E2,1.628626718E2,8.603164887E-2,NaN,4.529665839E-1,6.464851736E0,7.680090312E0,-1.000000000E0
2.878611516E2,4.133759087E1,1.982147972E1,1.219009567E2,1.627194320E2,7.508261754E-2,NaN,4.530315864E-1,6.464859453E0,7.630581249E0,-1.000000000E0
2.888611554E2,4.133759134E1,1.982148017E1,1.220151562E2,1.628336360E2,3.820045985E-2,NaN,4.531390908E-1,6.464867251E0,7.714031256E0,-1.000000000E0
2.898611609E2,4.133759076E1,1.982147915E1,1.217167329E2,1.625352047E2,1.167393673E-1,NaN,4.532484494E-1,6.464874990E0,7.599899684E0,-1.000000000E0
2.908611660E2,4.133758979E1,1.982147896E1,1.217125001E2,1.625309668E2,1.036868494E-1,NaN,4.533033244E-1,6.464882798E0,7.696794213E0,-1.000000000E0
2.918611717E2,4.133758930E1,1.982147889E1,1.217225804E2,1.625410446E2,8.861086558E-2,NaN,4.533897613E-1,6.464890567E0,7.739311723E0,-1.000000000E0
2.928611785E2,4.133758901E1,1.982147985E1,1.218447831E2,1.626632515E2,7.070628266E-2,NaN,4.542844289E-1,6.464898287E0,7.640670480E0,-1.000000000E0
2.938611846E2,4.133758227E1,1.982148572E1,1.220596555E2,1.628781283E2,4.281564342E-3,NaN,4.544968240E-1,6.321075051E0,7.581607585E0,-1.000000000E0
2.948611904E2,4.133758059E1,1.982148693E1,1.221149059E2,1.629333784E2,1.358610905E-2,NaN,4.548075333E-1,6.321082931E0,7.546365729E0,-1.000000000E0
2.958611976E2,4.133757828E1,1.982148901E1,1.222095542E2,1.630280285E2,1.409681952E-2,NaN,4.548695596E-1,6.321090986E0,7.551147302E0,-1.000000000E0
2.968612057E2,4.133757778E1,1.982148935E1,1.222063944E2,1.630248685E2,4.009725260E-2,NaN,4.549816251E-1,6.321099090E0,7.612834416E0,-1.000000000E0
2.978612131E2,4.133757714E1,1.982148831E1,1.220666584E2,1.628851242E2,1.122951295E-1,NaN,4.550466561E-1,6.321106997E0,7.582040111E0,-1.000000000E0
2.988612208E2,4.133757656E1,1.982148825E1,1.221082796E2,1.629267426E2,5.516819836E-2,NaN,4.551526291E-1,6.321115012E0,7.674406479E0,-1.000000000E0
2.998612283E2,4.133757662E1,1.982148952E1,1.222952629E2,1.631137331E2,1.162974964E-1,NaN,4.553057975E-1,6.321122917E0,7.768630955E0,-1.000000000E0
3.008612368E2,4.133757526E1,1.982148922E1,1.222083339E2,1.630267969E2,2.748041609E-1,NaN,4.554582098E-1,6.321130930E0,7.646907641E0,-1.000000000E0
3.018612450E2,4.133757415E1,1.982149030E1,1.222204101E2,1.630388744E2,7.699318576E-2,NaN,4.555395793E-1,6.321138853E0,7.708998327E0,-1.000000000E0
3.028612542E2,4.133757360E1,1.982148965E1,1.219904351E2,1.628088936E2,4.954973673E-2,NaN,4.555681921E-1,6.321146781E0,7.740176938E0,-1.000000000E0
3.038612629E2,4.133757383E1,1.982148981E1,1.219595262E2,1.627779865E2,4.693691152E-2,NaN,4.555951644E-1,6.321154862E0,7.631831526E0,-1.000000000E0
3.048612727E2,4.133757364E1,1.982149001E1,1.219406445E2,1.627591051E2,4.998982222E-2,NaN,4.556850119E-1,6.321162906E0,7.671646728E0,-1.000000000E0
3.058612815E2,4.133757416E1,1.982148919E1,1.219672962E2,1.627857545E2,1.055158581E-1,NaN,4.557235502E-1,6.321170959E0,7.762996051E0,-1.000000000E0
3.068612912E2,4.133757383E1,1.982148905E1,1.218592625E2,1.626777187E2,8.141580322E-2,NaN,4.558404887E-1,6.321179034E0,7.731006758E0,-1.000000000E0
3.078612999E2,4.133757488E1,1.982148904E1,1.218797355E2,1.626981959E2,4.505751935E-2,NaN,4.559207012E-1,6.321187014E0,7.721713430E0,-1.000000000E0
3.088613106E2,4.133757525E1,1.982148821E1,1.217907037E2,1.626091610E2,6.060266269E-2,NaN,4.559315868E-1,6.321195104E0,7.781537690E0,-1.000000000E0
3.098613198E2,4.133757534E1,1.982148823E1,1.218420521E2,1.626605100E2,5.481377729E-2,NaN,4.559724909E-1,6.321203048E0,7.774242001E0,-1.000000000E0
3.108613293E2,4.133757544E1,1.982148870E1,1.220564043E2,1.628748651E2,2.367491811E-2,NaN,4.560067560E-1,6.321210964E0,7.757091054E0,-1.000000000E0
3.118613397E2,4.133757537E1,1.982148830E1,1.220147447E2,1.628332030E2,2.117096536E-2,NaN,4.560722048E-1,6.321219042E0,7.727767729E0,-1.000000000E0
3.128613497E2,4.133757479E1,1.982148815E1,1.219838646E2,1.628023198E2,2.835878182E-2,NaN,4.561177159E-1,6.321226981E0,7.737524320E0,-1.000000000E0
3.138613597E2,4.133757442E1,1.982148838E1,1.220928779E2,1.629113328E2,1.598184138E-2,NaN,4.561285972E-1,6.321234908E0,7.650894390E0,-1.000000000E0
3.148613703E2,4.133757451E1,1.982148841E1,1.221992393E2,1.630176948E2,4.722007567E-2,NaN,4.562103365E-1,6.321242896E0,7.645576615E0,-1.000000000E0
3.158613805E2,4.133757500E1,1.982148915E1,1.223827301E2,1.632011916E2,8.842333600E-2,NaN,4.562970280E-1,6.321250832E0,7.575417263E0,-1.000000000E0
3.168613911E2,4.133757487E1,1.982148812E1,1.223081229E2,1.631265782E2,5.384013619E-2,NaN,4.564168049E-1,6.321258836E0,7.558608768E0,-1.000000000E0
3.178614016E2,4.133757510E1,1.982148952E1,1.225700842E2,1.633885482E2,1.870345273E-1,NaN,4.565255648E-1,6.321266855E0,7.529724447E0,-1.000000000E0
3.188614119E2,4.133757489E1,1.982148825E1,1.224973126E2,1.633157687E2,2.318673968E-1,NaN,4.566751030E-1,6.321274929E0,7.419529275E0,-1.000000000E0
3.198614225E2,4.133757571E1,1.982148683E1,1.221541310E2,1.629725827E2,6.733837689E-2,NaN,4.567133169E-1,6.321282855E0,7.429091375E0,-1.000000000E0
3.208614328E2,4.133757544E1,1.982148712E1,1.221634423E2,1.629818944E2,8.704379016E-2,NaN,4.568911999E-1,6.321290691E0,7.479461766E0,-1.000000000E0
3.218614444E2,4.133757646E1,1.982148548E1,1.219441204E2,1.627625678E2,9.275298430E-2,NaN,4.569083755E-1,6.321298775E0,7.497009511E0,-1.000000000E0
3.228614551E2,4.133757632E1,1.982148556E1,1.219754632E2,1.627939105E2,1.023212640E-1,NaN,4.570129032E-1,6.321306705E0,7.510948880E0,-1.000000000E0
3.238614663E2,4.133757594E1,1.982148671E1,1.221976970E2,1.630161489E2,8.122536593E-2,NaN,4.570836137E-1,6.321314772E0,7.451855151E0,-1.000000000E0
3.248614770E2,4.133757652E1,1.982148637E1,1.221478400E2,1.629662925E2,1.433377544E-2,NaN,4.576376177E-1,6.321322754E0,7.513582231E0,-1.000000000E0
3.258614882E2,4.133757166E1,1.982148783E1,1.219911016E2,1.628095420E2,1.807054944E-2,NaN,4.577241503E-1,6.274040541E0,7.463747664E0,-1.000000000E0
3.268614986E2,4.133757178E1,1.982148680E1,1.217729977E2,1.625914330E2,6.909123500E-2,NaN,4.577823670E-1,6.274048538E0,7.457599293E0,-1.000000000E0
3.278615096E2,4.133757230E1,1.982148680E1,1.217084612E2,1.625268986E2,5.730974870E-2,NaN,4.580157122E-1,6.274056509E0,7.425996055E0,-1.000000000E0
3.288615211E2,4.133757431E1,1.982148598E1,1.217526412E2,1.625710824E2,6.541755729E-2,NaN,4.580364322E-1,6.274064517E0,7.451855338E0,-1.000000000E0
3.298615321E2,4.133757448E1,1.982148607E1,1.217452875E2,1.625637300E2,2.027391275E-1,NaN,4.581393859E-1,6.274072541E0,7.434505881E0,-1.000000000E0
3.308615437E2,4.133757357E1,1.982148588E1,1.216077238E2,1.624261614E2,1.604893029E-2,NaN,4.582295490E-1,6.274080579E0,7.361906936E0,-1.000000000E0
3.318615544E2,4.133757417E1,1.982148515E1,1.212748753E2,1.620933114E2,3.043702683E-1,NaN,4.583510082E-1,6.274088724E0,7.346487647E0,-1.000000000E0
3.328615656E2,4.133757353E1,1.982148396E1,1.212425689E2,1.620609958E2,3.528014645E-1,NaN,4.583935290E-1,6.274096711E0,7.323866023E0,-1.000000000E0
3.338615773E2,4.133757343E1,1.982148446E1,1.212940485E2,1.621124777E2,4.583546528E-2,NaN,4.584471960E-1,6.274104749E0,7.313025989E0,-1.000000000E0
3.348615890E2,4.133757299E1,1.982148417E1,1.212995545E2,1.621179803E2,5.663579386E-2,NaN,4.586416342E-1,6.274112860E0,7.325301181E0,-1.000000000E0
3.358615992E2,4.133757474E1,1.982148414E1,1.214623158E2,1.622807487E2,1.045264774E-1,NaN,4.586779687E-1,6.274120877E0,7.528945029E0,-1.000000000E0
3.368616102E2,4.133757442E1,1.982148419E1,1.214392506E2,1.622576824E2,1.774624719E-1,NaN,4.588273533E-1,6.274128858E0,7.432222125E0,-1.000000000E0
3.378616213E2,4.133757310E1,1.982148382E1,1.213418846E2,1.621603089E2,1.717525315E-1,NaN,4.589283680E-1,6.274136846E0,7.321996543E0,-1.000000000E0
3.388616329E2,4.133757225E1,1.982148342E1,1.213198836E2,1.621383022E2,1.716147007E-1,NaN,4.590203271E-1,6.274144924E0,7.391115333E0,-1.000000000E0
3.398616439E2,4.133757184E1,1.982148437E1,1.213916450E2,1.622100672E2,5.075189571E-2,NaN,4.590751968E-1,6.274153014E0,7.498416048E0,-1.000000000E0
3.408616561E2,4.133757152E1,1.982148487E1,1.215419724E2,1.623603960E2,2.198756923E-1,NaN,4.591863474E-1,6.274160946E0,7.471115670E0,-1.000000000E0
3.418616666E2,4.133757073E1,1.982148406E1,1.214388191E2,1.622572349E2,1.797086159E-1,NaN,4.592551085E-1,6.274169075E0,7.535968310E0,-1.000000000E0
3.428616781E2,4.133757011E1,1.982148400E1,1.213416367E2,1.621600497E2,3.627807165E-2,NaN,4.592851539E-1,6.274177153E0,7.421523612E0,-1.000000000E0
3.438616892E2,4.133756995E1,1.982148430E1,1.213809003E2,1.621993142E2,7.951997677E-2,NaN,4.593363216E-1,6.274119834E0,7.453164630E0,-1.000000000E0
3.448617017E2,4.133756969E1,1.982148480E1,1.214929336E2,1.623113493E2,5.979301100E-2,NaN,4.594589812E-1,6.274127837E0,7.435923894E0,-1.000000000E0
3.458617123E2,4.133757042E1,1.982148591E1,1.215354261E2,1.623538508E2,3.772557168E-1,NaN,4.595969991E-1,6.274135791E0,7.406884083E0,-1.000000000E0
3.468617241E2,4.133757019E1,1.982148428E1,1.214487039E2,1.622671187E2,2.636342083E-1,NaN,4.596156612E-1,6.274143786E0,7.451512118E0,-1.000000000E0
3.478617352E2,4.133757030E1,1.982148411E1,1.215348314E2,1.623532457E2,2.515897316E-1,NaN,4.597086495E-1,6.274151764E0,7.488797420E0,-1.000000000E0
3.488617474E2,4.133757113E1,1.982148405E1,1.215564936E2,1.623749110E2,3.251765097E-2,NaN,4.597747216E-1,6.274159772E0,7.541265715E0,-1.000000000E0
3.498617595E2,4.133757124E1,1.982148483E1,1.216141746E2,1.624325968E2,3.124598753E-2,NaN,4.597978266E-1,6.274167774E0,7.584243017E0,-1.000000000E0
3.508617706E2,4.133757109E1,1.982148464E1,1.215482276E2,1.623666481E2,3.473023685E-2,NaN,4.598334119E-1,6.274175736E0,7.506082758E0,-1.000000000E0
3.518617812E2,4.133757137E1,1.982148485E1,1.213714003E2,1.621898231E2,1.859567031E-1,NaN,4.598894428E-1,6.274183721E0,7.446373563E0,-1.000000000E0
3.528617939E2,4.133757087E1,1.982148498E1,1.214823566E2,1.623007781E2,2.754228251E-1,NaN,4.599130403E-1,6.274191843E0,7.555509020E0,-1.000000000E0
3.538618050E2,4.133757093E1,1.982148525E1,1.213968237E2,1.622152469E2,3.327642828E-1,NaN,4.602280623E-1,6.274199851E0,7.464809375E0,-1.000000000E0
3.548618166E2,4.133756860E1,1.982148311E1,1.212064379E2,1.620248397E2,6.926931436E-1,2.183399818E2,4.605416995E-1,6.274208002E0,7.343851855E0,-1.000000000E0
3.558618270E2,4.133757117E1,1.982148465E1,1.210520450E2,1.618704659E2,6.209013222E-1,NaN,4.607988135E-1,6.357953933E0,7.233322177E0,-1.000000000E0
3.568618395E2,4.133756905E1,1.982148342E1,1.210559751E2,1.618743805E2,6.621278419E-1,NaN,4.618790309E-1,6.357961889E0,7.203358294E0,-1.000000000E0
3.578618512E2,4.133756793E1,1.982149627E1,1.211455892E2,1.619640606E2,1.145062230E-1,NaN,4.620259447E-1,6.220668656E0,7.329009012E0,-1.000000000E0
3.588618628E2,4.133756861E1,1.982149777E1,1.211867954E2,1.620052779E2,1.777322079E-1,NaN,4.621942312E-1,6.220676666E0,6.983995326E0,-1.000000000E0
3.598618735E2,4.133756967E1,1.982149922E1,1.211858704E2,1.620043652E2,2.455905785E-1,NaN,4.622994820E-1,6.220684734E0,7.151293384E0,-1.000000000E0
3.608618854E2,4.133756873E1,1.982149933E1,1.206708785E2,1.614893700E2,5.127319280E-1,NaN,4.624570080E-1,6.220692807E0,5.752608653E0,-1.000000000E0
3.618618966E2,4.133756805E1,1.982150098E1,1.203588121E2,1.611773099E2,4.816052415E-1,NaN,4.628180693E-1,6.220700881E0,4.973981908E0,-1.000000000E0
3.628619082E2,4.133757123E1,1.982150010E1,1.199685335E2,1.607870396E2,2.199229244E-1,NaN,4.630854925E-1,6.220708960E0,5.737043189E0,-1.000000000E0
3.638619205E2,4.133757329E1,1.982150175E1,1.199725456E2,1.607910693E2,1.912455153E-1,NaN,4.631662013E-1,6.220717051E0,6.570896829E0,-1.000000000E0
3.648619317E2,4.133757396E1,1.982150138E1,1.198145872E2,1.606331117E2,1.977308739E-1,NaN,4.633244826E-1,6.220725140E0,7.052152143E0,-1.000000000E0
3.658619435E2,4.133757254E1,1.982150131E1,1.199103177E2,1.607288359E2,3.262992365E-1,NaN,4.633746308E-1,6.220733360E0,7.285136007E0,-1.000000000E0
3.668619552E2,4.133757289E1,1.982150168E1,1.198611683E2,1.606796900E2,1.101692569E-1,NaN,4.633918935E-1,6.220741367E0,7.433712075E0,-1.000000000E0
3.678619660E2,4.133757281E1,1.982150151E1,1.199416993E2,1.607602198E2,8.408868653E-2,NaN,4.635463569E-1,6.220749594E0,7.610596191E0,-1.000000000E0
3.688619781E2,4.133757143E1,1.982150151E1,1.203018468E2,1.611203615E2,8.950128620E-2,NaN,4.637954909E-1,6.220757706E0,7.763352479E0,-1.000000000E0
3.698619893E2,4.133757010E1,1.982150392E1,1.212023675E2,1.620208900E2,1.440581915E-1,NaN,4.638304870E-1,6.220765789E0,7.892330135E0,-1.000000000E0
3.708620020E2,4.133756997E1,1.982150430E1,1.213978218E2,1.622163458E2,2.870671912E-1,NaN,4.639045138E-1,6.220774011E0,7.865118441E0,-1.000000000E0
3.718620129E2,4.133756978E1,1.982150345E1,1.217601449E2,1.625786634E2,2.095529008E-1,NaN,4.640254509E-1,6.220781989E0,7.817648614E0,-1.000000000E0
3.728620235E2,4.133756875E1,1.982150301E1,1.218046088E2,1.626231206E2,1.542433713E-1,NaN,4.641158555E-1,6.220790065E0,7.720657798E0,-1.000000000E0
3.738620358E2,4.133756860E1,1.982150194E1,1.213224015E2,1.621409069E2,3.869632396E-1,NaN,4.644106449E-1,6.220798099E0,7.507493137E0,-1.000000000E0
3.748620474E2,4.133756822E1,1.982150544E1,1.222861540E2,1.631046771E2,1.972809451E-1,NaN,4.645410304E-1,6.220806177E0,7.555981676E0,-1.000000000E0
3.758620591E2,4.133756706E1,1.982150567E1,1.221036073E2,1.629221268E2,3.203400827E-1,NaN,4.646174687E-1,6.220814366E0,7.536388098E0,-1.000000000E0
3.768620698E2,4.133756679E1,1.982150483E1,1.219335826E2,1.627520964E2,6.199418434E-2,NaN,4.646901989E-1,6.220822386E0,7.535040568E0,-1.000000000E0
3.778620820E2,4.133756614E1,1.982150488E1,1.218772691E2,1.626957804E2,1.053200788E-1,NaN,4.647490704E-1,6.220830486E0,7.627826900E0,-1.000000000E0
3.788620933E2,4.133756578E1,1.982150436E1,1.217857739E2,1.626042810E2,1.459756932E-1,NaN,4.647748308E-1,6.220838534E0,7.699196446E0,-1.000000000E0
3.798621060E2,4.133756580E1,1.982150406E1,1.218224742E2,1.626409797E2,8.552057485E-2,NaN,4.651024098E-1,6.220846802E0,7.787690169E0,-1.000000000E0
3.808621174E2,4.133756503E1,1.982150784E1,1.226552522E2,1.634737752E2,1.137335016E-1,NaN,4.651753487E-1,6.220854967E0,7.916894386E0,-1.000000000E0
3.818621285E2,4.133756528E1,1.982150865E1,1.226035643E2,1.634220929E2,4.814850675E-1,NaN,4.653058095E-1,6.220862985E0,7.987244055E0,-1.000000000E0
3.828621398E2,4.133756425E1,1.982150791E1,1.222285137E2,1.630470339E2,1.584489664E-1,NaN,4.653674322E-1,6.220871082E0,7.970236507E0,-1.000000000E0
3.838621513E2,4.133756460E1,1.982150848E1,1.223908888E2,1.632094136E2,3.674965160E-2,NaN,4.654910931E-1,6.220879208E0,8.032510395E0,-1.000000000E0
3.848621627E2,4.133756383E1,1.982150741E1,1.219864860E2,1.628050018E2,7.703417924E-2,NaN,4.655434593E-1,6.220887338E0,7.901578020E0,-1.000000000E0
3.858621755E2,4.133756419E1,1.982150701E1,1.217784576E2,1.625969726E2,1.164078712E-1,NaN,4.656087210E-1,6.220895542E0,7.919629904E0,-1.000000000E0
3.868621871E2,4.133756392E1,1.982150771E1,1.218580236E2,1.626765413E2,9.072169476E-2,NaN,4.657193660E-1,6.220903626E0,7.987921317E0,-1.000000000E0
3.878614565E2,4.133756492E1,1.982150767E1,1.217228086E2,1.625413303E2,3.577714806E-1,NaN,4.657342562E-1,6.220911799E0,8.026915762E0,-1.000000000E0
3.888614527E2,4.133756505E1,1.982150763E1,1.219403216E2,1.627588436E2,2.073309146E-1,NaN,4.665928240E-1,6.220919894E0,8.068405813E0,-1.000000000E0
3.898614572E2,4.133756750E1,1.982151738E1,1.220449988E2,1.628635846E2,6.891690718E-2,NaN,4.666694647E-1,6.062097782E0,8.059516462E0,-1.000000000E0
3.908614482E2,4.133756819E1,1.982151751E1,1.219000309E2,1.627186202E2,7.637639128E-2,NaN,4.668195746E-1,6.062106121E0,7.477117603E0,-1.000000000E0
3.918614343E2,4.133756888E1,1.982151905E1,1.218919894E2,1.627105901E2,1.063625989E-1,NaN,4.669767864E-1,6.062114533E0,7.652927931E0,-1.000000000E0
3.928614309E2,4.133757000E1,1.982152020E1,1.217508099E2,1.625694215E2,2.110169907E-1,NaN,4.672168597E-1,6.062122894E0,7.744680499E0,-1.000000000E0
3.938614123E2,4.133757005E1,1.982152307E1,1.221889699E2,1.630075975E2,2.988502522E-1,NaN,4.673446459E-1,6.062131329E0,7.732442805E0,-1.000000000E0
3.948613957E2,4.133757109E1,1.982152371E1,1.221620676E2,1.629807030E2,2.633228406E-1,NaN,4.674309719E-1,6.062139651E0,8.005839431E0,-1.000000000E0
3.958613877E2,4.133757183E1,1.982152403E1,1.218150025E2,1.626336428E2,5.040946503E-2,NaN,4.675821093E-1,6.062148007E0,8.212162946E0,-1.000000000E0
3.968613670E2,4.133757185E1,1.982152584E1,1.221116962E2,1.629303465E2,1.388192400E-1,NaN,4.678324319E-1,6.062156389E0,8.435190172E0,-1.000000000E0
3.978613511E2,4.133757043E1,1.982152817E1,1.226489967E2,1.634676539E2,1.268895984E-1,NaN,4.678783745E-1,6.062164727E0,8.444255139E0,-1.000000000E0
3.988613422E2,4.133757071E1,1.982152776E1,1.224074935E2,1.632261496E2,9.524628175E-2,NaN,4.680286909E-1,6.062173130E0,8.370115241E0,-1.000000000E0
3.998613201E2,4.133756948E1,1.982152852E1,1.226358649E2,1.634545202E2,1.218903216E-1,NaN,4.682417633E-1,6.062181359E0,8.485358064E0,-1.000000000E0
4.008613005E2,4.133756757E1,1.982152848E1,1.231513139E2,1.639699610E2,7.231545568E-2,NaN,4.683600503E-1,6.062189689E0,8.555039988E0,-1.000000000E0
4.018612894E2,4.133756708E1,1.982152723E1,1.230061566E2,1.638247947E2,6.175687274E-2,NaN,4.684375577E-1,6.062197997E0,8.312060526E0,-1.000000000E0
4.028612797E2,4.133756666E1,1.982152797E1,1.233295576E2,1.641481981E2,5.214826950E-2,NaN,4.685268432E-1,6.062206464E0,8.254326550E0,-1.000000000E0
4.038612713E2,4.133756632E1,1.982152701E1,1.232993973E2,1.641180311E2,8.776533136E-2,NaN,4.685690342E-1,6.062214930E0,8.173793500E0,-1.000000000E0
4.048612628E2,4.133756596E1,1.982152718E1,1.234435433E2,1.642621767E2,6.177751018E-2,NaN,4.687486842E-1,6.062223261E0,8.154596673E0,-1.000000000E0
4.058612558E2,4.133756530E1,1.982152522E1,1.231255057E2,1.639441254E2,9.409226219E-2,NaN,4.688195011E-1,6.062231643E0,8.243741875E0,-1.000000000E0
4.068612516E2,4.133756587E1,1.982152560E1,1.227915960E2,1.636102202E2,5.622286460E-1,NaN,4.689294058E-1,6.062240085E0,7.103431066E0,-1.000000000E0
4.078612463E2,4.133756562E1,1.982152433E1,1.224915525E2,1.633101686E2,1.516234567E-1,NaN,4.690143186E-1,6.062248568E0,7.515417988E0,-1.000000000E0
4.088612427E2,4.133756541E1,1.982152335E1,1.224770732E2,1.632956831E2,1.646083398E-1,NaN,4.691016329E-1,6.062256957E0,7.742261411E0,-1.000000000E0
4.098612403E2,4.133756509E1,1.982152239E1,1.223986461E2,1.632172495E2,1.663221835E-1,NaN,4.693137252E-1,6.062265232E0,7.891573074E0,-1.000000000E0
4.108612379E2,4.133756432E1,1.982152472E1,1.229499078E2,1.637685207E2,3.742811846E-2,NaN,4.693549599E-1,6.062273630E0,8.073412781E0,-1.000000000E0
4.118612363E2,4.133756469E1,1.982152469E1,1.230232412E2,1.638418555E2,7.415458578E-2,NaN,4.693877942E-1,6.062282022E0,8.137042926E0,-1.000000000E0
4.128612360E2,4.133756462E1,1.982152431E1,1.229463163E2,1.637649282E2,3.533035880E-2,NaN,4.694310600E-1,6.062290427E0,8.170172350E0,-1.000000000E0
4.138612355E2,4.133756465E1,1.982152483E1,1.230037286E2,1.638223435E2,4.045417329E-2,NaN,4.695313999E-1,6.062298947E0,8.072153945E0,-1.000000000E0
4.148612370E2,4.133756380E1,1.982152441E1,1.228701489E2,1.636887581E2,5.534433221E-2,NaN,4.697085256E-1,6.062307298E0,8.157722204E0,-1.000000000E0
4.158612372E2,4.133756325E1,1.982152640E1,1.229352048E2,1.637538225E2,3.973971911E-1,NaN,4.698031206E-1,6.062315816E0,7.975599989E0,-1.000000000E0
4.168612390E2,4.133756295E1,1.982152534E1,1.228688966E2,1.636875073E2,4.022704852E-1,NaN,4.699324053E-1,6.062324269E0,8.009756823E0,-1.000000000E0
4.178612410E2,4.133756270E1,1.982152383E1,1.224950857E2,1.633136870E2,9.817953776E-2,NaN,4.700909981E-1,6.062332605E0,7.904330656E0,-1.000000000E0
4.188612436E2,4.133756409E1,1.982152422E1,1.224645223E2,1.632831315E2,4.651842620E-1,NaN,4.701154054E-1,6.062341062E0,7.859904489E0,-1.000000000E0
4.198612469E2,4.133756411E1,1.982152393E1,1.222625004E2,1.630811082E2,1.733001382E-1,NaN,4.701879103E-1,6.062349461E0,7.393376456E0,-1.000000000E0
4.208612498E2,4.133756354E1,1.982152435E1,1.223125413E2,1.631311490E2,4.887342718E-1,NaN,4.704935178E-1,6.062357802E0,7.602803563E0,-1.000000000E0
4.218612542E2,4.133756247E1,1.982152772E1,1.221627090E2,1.629813308E2,2.881212560E-1,NaN,4.707132814E-1,5.915092167E0,7.539064386E0,-1.000000000E0
4.228612580E2,4.133756405E1,1.982152930E1,1.221712392E2,1.629898762E2,3.092725096E-1,NaN,4.710183767E-1,5.915100836E0,7.696469614E0,-1.000000000E0
4.238612629E2,4.133756680E1,1.982152924E1,1.215667806E2,1.623854287E2,1.327884798E0,1.052826819E1,4.714517133E-1,5.915109572E0,6.660344614E0,-1.000000000E0
4.248612679E2,4.133756293E1,1.982152864E1,1.217058397E2,1.625244684E2,2.787658715E-1,NaN,4.715566903E-1,6.035776959E0,7.452874371E0,-1.000000000E0
4.258612733E2,4.133756313E1,1.982152987E1,1.218520578E2,1.626706942E2,9.909268736E-2,NaN,4.716790654E-1,6.035785474E0,7.627713876E0,-1.000000000E0
4.268612781E2,4.133756239E1,1.982153096E1,1.217342227E2,1.625528620E2,1.082695962E-1,NaN,4.717720724E-1,6.035793921E0,7.887672803E0,-1.000000000E0
4.278612843E2,4.133756169E1,1.982153036E1,1.216889236E2,1.625075567E2,3.963025728E-1,NaN,4.719556230E-1,6.035802345E0,7.920600760E0,-1.000000000E0
4.288612894E2,4.133756043E1,1.982152893E1,1.214837892E2,1.623024092E2,2.819134080E-1,NaN,4.720481815E-1,6.035810837E0,7.758466860E0,-1.000000000E0
4.298612956E2,4.133755960E1,1.982152883E1,1.213911504E2,1.622097664E2,1.040508755E-1,NaN,4.721327023E-1,6.035819323E0,7.870747317E0,-1.000000000E0
4.308613025E2,4.133755897E1,1.982152826E1,1.211386604E2,1.619572707E2,1.295105348E-1,NaN,4.723520083E-1,6.035827875E0,7.945203776E0,-1.000000000E0
4.318613087E2,4.133756059E1,1.982152677E1,1.215666379E2,1.623852467E2,4.802700368E-2,NaN,4.724953313E-1,6.035836383E0,8.128036692E0,-1.000000000E0
4.328613151E2,4.133756095E1,1.982152512E1,1.216812598E2,1.624998610E2,5.972803078E-2,NaN,4.726919154E-1,6.035844667E0,8.228456988E0,-1.000000000E0
4.338613225E2,4.133756263E1,1.982152588E1,1.222088954E2,1.630275077E2,3.346809569E-2,NaN,4.728877280E-1,6.035853138E0,8.121885306E0,-1.000000000E0
4.348613302E2,4.133756191E1,1.982152802E1,1.229129453E2,1.637315665E2,1.245316131E-1,NaN,4.730904763E-1,6.035861609E0,8.232664236E0,-1.000000000E0
4.358613371E2,4.133756371E1,1.982152837E1,1.232301163E2,1.640487468E2,1.943206893E-1,NaN,4.732574823E-1,6.035870149E0,8.284216398E0,-1.000000000E0
4.368613447E2,4.133756295E1,1.982153009E1,1.236738289E2,1.644924657E2,2.123037098E-1,NaN,4.733994477E-1,6.035878504E0,8.136496352E0,-1.000000000E0
4.378613520E2,4.133756411E1,1.982152937E1,1.236987698E2,1.645174075E2,2.667880999E-1,NaN,4.734637789E-1,6.035886815E0,8.176326074E0,-1.000000000E0
4.388613598E2,4.133756420E1,1.982152861E1,1.235344792E2,1.643531130E2,1.568252266E-1,NaN,4.735322243E-1,6.035895364E0,8.084156171E0,-1.000000000E0
4.398613669E2,4.133756477E1,1.982152832E1,1.236261419E2,1.644447765E2,7.977355724E-2,NaN,4.736093598E-1,6.035903887E0,8.089768493E0,-1.000000000E0
4.408613750E2,4.133756510E1,1.982152750E1,1.235144817E2,1.643331132E2,8.010049934E-2,NaN,4.737107292E-1,6.035912187E0,8.111774891E0,-1.000000000E0
4.418613831E2,4.133756599E1,1.982152725E1,1.235015737E2,1.643202075E2,3.964255059E-2,NaN,4.738088014E-1,6.035920657E0,8.115372687E0,-1.000000000E0
4.428613907E2,4.133756687E1,1.982152722E1,1.235344309E2,1.643530682E2,7.653173682E-2,NaN,4.739171037E-1,6.035928993E0,8.132693452E0,-1.000000000E0
4.438613997E2,4.133756605E1,1.982152652E1,1.232773415E2,1.640959716E2,2.247107743E-2,NaN,4.740179869E-1,6.035937486E0,7.971587284E0,-1.000000000E0
4.448614074E2,4.133756649E1,1.982152546E1,1.231067269E2,1.639253529E2,4.559742287E-2,NaN,4.741140417E-1,6.035945976E0,8.034482044E0,-1.000000000E0
4.458614157E2,4.133756596E1,1.982152455E1,1.229144534E2,1.637330723E2,1.172985838E-1,NaN,4.741475838E-1,6.035954249E0,8.021229155E0,-1.000000000E0
4.468614240E2,4.133756608E1,1.982152492E1,1.228394772E2,1.636580985E2,7.653978437E-2,NaN,4.742598141E-1,6.035962633E0,8.049306233E0,-1.000000000E0
4.478614331E2,4.133756559E1,1.982152375E1,1.224144502E2,1.632330631E2,2.933816910E-1,NaN,4.744561773E-1,6.035971154E0,8.031549151E0,-1.000000000E0
4.488614409E2,4.133756407E1,1.982152256E1,1.220367690E2,1.628553690E2,4.159607010E-1,NaN,4.745545869E-1,6.035979624E0,7.869133087E0,-1.000000000E0
4.498614503E2,4.133756329E1,1.982152200E1,1.216238303E2,1.624424241E2,2.364985804E-1,NaN,4.749265442E-1,6.035988156E0,7.759088030E0,-1.000000000E0
4.508614584E2,4.133756097E1,1.982151879E1,1.208654957E2,1.616840622E2,6.869286077E-1,2.312290193E2,4.751295033E-1,6.035996567E0,7.653553878E0,-1.000000000E0
4.518614676E2,4.133756251E1,1.982152010E1,1.210580955E2,1.618766755E2,3.089844483E-1,NaN,4.752259040E-1,6.192175226E0,7.731922313E0,-1.000000000E0
4.528614758E2,4.133756198E1,1.982151918E1,1.210810517E2,1.618996245E2,3.517308119E-1,NaN,4.762975207E-1,6.192183463E0,7.684575594E0,-1.000000000E0
4.538614844E2,4.133757070E1,1.982152464E1,1.210735663E2,1.618922053E2,2.522587157E-1,NaN,4.764072582E-1,6.035497208E0,7.677667912E0,-1.000000000E0
4.548614936E2,4.133757042E1,1.982152590E1,1.209254660E2,1.617441107E2,2.170509718E-1,NaN,4.766941313E-1,6.035505568E0,6.851123479E0,-1.000000000E0
4.558615031E2,4.133757233E1,1.982152820E1,1.209687801E2,1.617874454E2,3.674435322E-1,NaN,4.768737226E-1,6.035513954E0,6.232486776E0,-1.000000000E0
4.568615121E2,4.133757348E1,1.982152972E1,1.208076446E2,1.616263229E2,3.463479232E-1,NaN,4.775373580E-1,6.035522409E0,6.048908142E0,-1.000000000E0
4.578615206E2,4.133757756E1,1.982153552E1,1.215160749E2,1.623348021E2,6.869770074E-1,NaN,4.776307248E-1,6.035530747E0,6.251163989E0,-1.000000000E0
4.588615292E2,4.133757829E1,1.982153607E1,1.211340093E2,1.619527425E2,5.619837877E-1,NaN,4.777199801E-1,6.035539231E0,5.948309974E0,-1.000000000E0
4.598615392E2,4.133757909E1,1.982153621E1,1.207213915E2,1.615401288E2,2.128915202E-1,NaN,4.780638557E-1,6.035547656E0,6.567314358E0,-1.000000000E0
4.608615475E2,4.133757602E1,1.982153673E1,1.210513622E2,1.618700896E2,3.681015968E-1,NaN,4.786953943E-1,6.035556070E0,6.761451038E0,-1.000000000E0
4.618615569E2,4.133757038E1,1.982153763E1,1.206789432E2,1.614976523E2,1.429096569E0,1.735887035E2,4.794524380E-1,6.035564427E0,5.932058541E0,-1.000000000E0
4.628615664E2,4.133757694E1,1.982153521E1,1.201712402E2,1.609899631E2,5.610600377E-1,NaN,4.795799329E-1,6.350597121E0,5.786699204E0,-1.000000000E0
4.638615752E2,4.133757623E1,1.982153402E1,1.201553952E2,1.609741086E2,1.894485261E-1,NaN,4.800471053E-1,6.350605034E0,6.604390016E0,-1.000000000E0
4.648615842E2,4.133758016E1,1.982153598E1,1.205565638E2,1.613753042E2,1.870791791E-1,NaN,4.804432335E-1,6.350612937E0,7.003677417E0,-1.000000000E0
4.658615932E2,4.133757841E1,1.982154011E1,1.212280200E2,1.620467759E2,1.725680969E-1,NaN,4.809037015E-1,6.350620802E0,7.386573778E0,-1.000000000E0
4.668616035E2,4.133757902E1,1.982153466E1,1.220173116E2,1.628360400E2,1.460323125E0,3.179176588E2,4.815439043E-1,6.350628707E0,7.261391734E0,-1.000000000E0
4.678616118E2,4.133757333E1,1.982153589E1,1.218293612E2,1.626480728E2,1.201628118E-1,NaN,4.818575403E-1,6.479731929E0,7.493656185E0,-1.000000000E0
4.688616219E2,4.133757177E1,1.982153276E1,1.214605248E2,1.622792128E2,1.700033944E-1,NaN,4.819980343E-1,6.479739649E0,7.715007961E0,-1.000000000E0
4.698616310E2,4.133757264E1,1.982153398E1,1.215796688E2,1.623983672E2,2.103301673E-1,NaN,4.820846324E-1,6.479747339E0,7.864152483E0,-1.000000000E0
4.708616403E2,4.133757202E1,1.982153460E1,1.218095151E2,1.626282143E2,1.256120433E-1,NaN,4.821812665E-1,6.479755122E0,7.867396630E0,-1.000000000E0
4.718616498E2,4.133757288E1,1.982153441E1,1.220977440E2,1.629164457E2,8.937890062E-2,NaN,4.824141502E-1,6.479762858E0,7.900050166E0,-1.000000000E0
4.728616585E2,4.133757133E1,1.982153629E1,1.224406678E2,1.632593734E2,1.458062666E-1,NaN,4.824858241E-1,6.479770624E0,7.837320197E0,-1.000000000E0
4.738616683E2,4.133757136E1,1.982153544E1,1.222127974E2,1.630314984E2,4.814563941E-1,NaN,4.825884051E-1,6.479778295E0,7.692790179E0,-1.000000000E0
4.748616772E2,4.133757060E1,1.982153474E1,1.221900769E2,1.630087709E2,1.340675281E-1,NaN,4.826784702E-1,6.479786018E0,7.727496539E0,-1.000000000E0
4.758616865E2,4.133757056E1,1.982153582E1,1.225235085E2,1.633422083E2,7.430718153E-2,NaN,4.828210257E-1,6.479793709E0,7.903501546E0,-1.000000000E0
4.768616965E2,4.133757178E1,1.982153530E1,1.226487982E2,1.634675002E2,3.213483726E-1,NaN,4.829606473E-1,6.479801410E0,7.993220200E0,-1.000000000E0
4.778617053E2,4.133757064E1,1.982153460E1,1.222896574E2,1.631083508E2,1.591533911E-1,NaN,4.830779865E-1,6.479809129E0,7.715297174E0,-1.000000000E0
4.788617148E2,4.133757102E1,1.982153329E1,1.220508407E2,1.628695286E2,3.873146766E-1,NaN,4.834310569E-1,6.479816810E0,6.917040317E0,-1.000000000E0
4.798617247E2,4.133757210E1,1.982153727E1,1.214908893E2,1.623096035E2,1.316957099E0,5.540673584E1,4.841807531E-1,6.479824542E0,6.449519374E0,-1.000000000E0
4.808617343E2,4.133756804E1,1.982153010E1,1.212811822E2,1.620998402E2,5.220270788E-1,NaN,4.844132280E-1,6.664571822E0,7.096891685E0,-1.000000000E0
4.818617436E2,4.133756610E1,1.982152908E1,1.211797949E2,1.619984392E2,3.460650880E-1,NaN,4.846317306E-1,6.664579260E0,7.392075395E0,-1.000000000E0
4.828617523E2,4.133756767E1,1.982153065E1,1.214509108E2,1.622695702E2,2.197395444E-1,NaN,4.848928983E-1,6.664586764E0,7.668432751E0,-1.000000000E0
4.838617624E2,4.133756703E1,1.982153366E1,1.219552413E2,1.627739146E2,9.265711360E-2,NaN,4.850351631E-1,6.664594284E0,7.842404002E0,-1.000000000E0
4.848617710E2,4.133756829E1,1.982153335E1,1.222261179E2,1.630447947E2,1.449311231E-1,NaN,4.862381703E-1,6.664601731E0,8.005298712E0,-1.000000000E0
4.858617810E2,4.133757593E1,1.982154355E1,1.225973031E2,1.634160677E2,2.591244928E-1,NaN,4.865957111E-1,6.470403708E0,7.880568735E0,-1.000000000E0
4.868617908E2,4.133757842E1,1.982154625E1,1.230580535E2,1.638768433E2,2.319379157E-1,NaN,4.871216770E-1,6.470411494E0,7.443509552E0,-1.000000000E0
4.878618003E2,4.133758280E1,1.982154387E1,1.228356098E2,1.636544046E2,1.529101883E0,3.304174250E2,4.876387164E-1,6.470419381E0,6.088256385E0,-1.000000000E0
4.888618090E2,4.133757910E1,1.982154762E1,1.223899223E2,1.632087224E2,5.697011448E-1,NaN,4.879093035E-1,6.530482625E0,5.860670294E0,-1.000000000E0
4.898618190E2,4.133757872E1,1.982155082E1,1.223715596E2,1.631903757E2,2.413261584E-1,NaN,4.885699279E-1,6.530490404E0,6.216878714E0,-1.000000000E0
4.908618281E2,4.133757278E1,1.982155102E1,1.217446548E2,1.625634474E2,1.166122272E0,1.828969906E2,4.893924190E-1,6.530498184E0,6.117409156E0,-1.000000000E0
4.918618370E2,4.133758016E1,1.982155162E1,1.213951997E2,1.622140262E2,7.780579583E-1,NaN,4.896414863E-1,6.522930504E0,6.169154082E0,-1.000000000E0
4.928618469E2,4.133758218E1,1.982155291E1,1.210067133E2,1.618255553E2,4.803800513E-1,NaN,4.897857517E-1,6.522938152E0,6.426983647E0,-1.000000000E0
4.938618568E2,4.133758095E1,1.982155235E1,1.203785271E2,1.611973609E2,3.187098278E-1,NaN,4.900295113E-1,6.522945757E0,6.291778690E0,-1.000000000E0
4.948618660E2,4.133757908E1,1.982155084E1,1.204890825E2,1.613079002E2,3.456645705E-1,NaN,4.902092985E-1,6.522953547E0,7.061944343E0,-1.000000000E0
4.958618752E2,4.133757767E1,1.982154977E1,1.201332501E2,1.609520561E2,4.344361338E-1,NaN,4.902776079E-1,6.522961365E0,6.962133522E0,-1.000000000E0
4.968618848E2,4.133757747E1,1.982154900E1,1.201824900E2,1.610012909E2,4.146135852E-1,NaN,4.907313498E-1,6.522969068E0,7.099866167E0,-1.000000000E0
4.978618952E2,4.133757383E1,1.982154655E1,1.205585974E2,1.613773698E2,1.263929815E-1,NaN,4.909979270E-1,6.522976830E0,7.306024505E0,-1.000000000E0
4.988619043E2,4.133757314E1,1.982154349E1,1.203181627E2,1.611369154E2,3.952393674E-1,NaN,4.913970474E-1,6.522984531E0,6.699411696E0,-1.000000000E0
4.998619138E2,4.133757007E1,1.982154102E1,1.203174262E2,1.611361526E2,5.614400984E-1,NaN,4.917404115E-1,6.522992236E0,6.673392754E0,-1.000000000E0
5.008619231E2,4.133756726E1,1.982153933E1,1.196758095E2,1.604945150E2,8.060298598E-1,1.683534164E2,4.918530783E-1,6.523000028E0,6.764747320E0,-1.000000000E0
5.018619330E2,4.133756822E1,1.982153892E1,1.200290017E2,1.608477089E2,2.725418104E-1,NaN,4.920034000E-1,6.529306247E0,7.028411438E0,-1.000000000E0
5.028619423E2,4.133756904E1,1.982154035E1,1.206119381E2,1.614306566E2,1.787960663E-1,NaN,4.922318282E-1,6.529313998E0,7.188211129E0,-1.000000000E0
5.038619516E2,4.133756728E1,1.982153893E1,1.206229131E2,1.614416166E2,5.427272077E-1,NaN,4.926751194E-1,6.529321772E0,7.225304814E0,-1.000000000E0
5.048619612E2,4.133757074E1,1.982154159E1,1.211819557E2,1.620006880E2,2.607034162E-1,NaN,4.928404968E-1,6.529329384E0,7.471499036E0,-1.000000000E0
5.058619713E2,4.133756962E1,1.982154028E1,1.211824657E2,1.620011862E2,3.328094256E-1,NaN,4.930652975E-1,6.529337146E0,7.539131770E0,-1.000000000E0
5.068619814E2,4.133757118E1,1.982154199E1,1.216792034E2,1.624979398E2,6.905496784E-2,NaN,4.932000437E-1,6.529344846E0,7.753852731E0,-1.000000000E0
5.078619897E2,4.133757092E1,1.982154041E1,1.214608126E2,1.622795392E2,1.866919968E-1,NaN,4.932876249E-1,6.529352570E0,6.950108467E0,-1.000000000E0
5.088619994E2,4.133757014E1,1.982154055E1,1.214610734E2,1.622797975E2,2.828142181E-1,NaN,4.933684791E-1,6.529360287E0,7.239901349E0,-1.000000000E0
5.098620085E2,4.133757067E1,1.982154121E1,1.214525171E2,1.622712471E2,1.948239152E-1,NaN,4.934939323E-1,6.529367913E0,7.500094749E0,-1.000000000E0
5.108620189E2,4.133757146E1,1.982154228E1,1.215225303E2,1.623412694E2,5.038292184E-2,NaN,4.936318906E-1,6.529375654E0,7.701462581E0,-1.000000000E0
5.118620273E2,4.133757268E1,1.982154260E1,1.218138929E2,1.626326388E2,2.691161445E-2,NaN,4.937596237E-1,6.529383256E0,7.851515078E0,-1.000000000E0
5.128620372E2,4.133757371E1,1.982154194E1,1.218746921E2,1.626934387E2,1.010852268E-1,NaN,4.939076087E-1,6.529391050E0,7.963650765E0,-1.000000000E0
5.138614112E2,4.133757492E1,1.982154268E1,1.222932518E2,1.631120074E2,8.928535536E-2,NaN,4.939365038E-1,6.529398809E0,7.987512206E0,-1.000000000E0
5.148614099E2,4.133757468E1,1.982154278E1,1.221848661E2,1.630036213E2,8.819744807E-2,NaN,4.939861030E-1,6.529406409E0,8.012557191E0,-1.000000000E0
5.158614122E2,4.133757503E1,1.982154242E1,1.221742264E2,1.629929810E2,2.242462655E-2,NaN,4.940423166E-1,6.529414190E0,7.911849173E0,-1.000000000E0
5.168614051E2,4.133757549E1,1.982154215E1,1.221314076E2,1.629501626E2,2.612881924E-2,NaN,4.947249706E-1,6.529421922E0,7.887952203E0,-1.000000000E0
5.178613917E2,4.133756951E1,1.982154031E1,1.219780394E2,1.627967596E2,6.173131073E-2,NaN,4.947913373E-1,6.448374917E0,7.833913729E0,-1.000000000E0
5.188613853E2,4.133756892E1,1.982154023E1,1.218969414E2,1.627156587E2,4.768628710E-2,NaN,4.948699815E-1,6.448382854E0,7.888337639E0,-1.000000000E0
5.198613708E2,4.133756882E1,1.982153930E1,1.217885443E2,1.626072561E2,3.351604100E-2,NaN,4.950435868E-1,6.448390683E0,7.828358260E0,-1.000000000E0
5.208613557E2,4.133757004E1,1.982154059E1,1.222156502E2,1.630343741E2,1.304043565E-1,NaN,4.951260284E-1,6.448398585E0,7.858182668E0,-1.000000000E0
5.218613453E2,4.133757078E1,1.982154071E1,1.223610496E2,1.631797772E2,8.066988277E-2,NaN,4.951931032E-1,6.448406465E0,7.838844540E0,-1.000000000E0
5.228613243E2,4.133757131E1,1.982154034E1,1.223903760E2,1.632091038E2,6.470858322E-2,NaN,4.952512569E-1,6.448414408E0,7.852754635E0,-1.000000000E0
5.238613080E2,4.133757177E1,1.982154067E1,1.222971913E2,1.631159228E2,3.146850451E-1,NaN,4.953809644E-1,6.448422302E0,7.773845112E0,-1.000000000E0
5.248612959E2,4.133757176E1,1.982154223E1,1.228303170E2,1.636490571E2,1.353186204E-1,NaN,4.954139688E-1,6.448430107E0,7.734232218E0,-1.000000000E0
5.258612744E2,4.133757153E1,1.982154197E1,1.227892938E2,1.636080315E2,2.071680290E-1,NaN,4.955602504E-1,6.448438021E0,7.752471145E0,-1.000000000E0
5.268612580E2,4.133757276E1,1.982154259E1,1.230075951E2,1.638263413E2,2.178807520E-1,NaN,4.956249845E-1,6.448445887E0,7.797015751E0,-1.000000000E0
5.278612487E2,4.133757252E1,1.982154189E1,1.229258008E2,1.637445421E2,1.166384128E-1,NaN,4.956534894E-1,6.448453752E0,7.808993287E0,-1.000000000E0
5.288612401E2,4.133757260E1,1.982154156E1,1.228980960E2,1.637168359E2,7.336543842E-2,NaN,4.957300207E-1,6.448461512E0,7.795141820E0,-1.000000000E0
5.298612332E2,4.133757249E1,1.982154066E1,1.228686404E2,1.636873749E2,8.149558139E-2,NaN,4.957499546E-1,6.448469345E0,7.825134594E0,-1.000000000E0
5.308612269E2,4.133757233E1,1.982154055E1,1.227700116E2,1.635887447E2,2.658944694E-2,NaN,4.958624357E-1,6.448477237E0,7.784025687E0,-1.000000000E0
5.318612217E2,4.133757317E1,1.982154129E1,1.230351837E2,1.638539245E2,5.689024355E-2,NaN,4.959668357E-1,6.448485100E0,7.882636908E0,-1.000000000E0
5.328612183E2,4.133757380E1,1.982154223E1,1.232799947E2,1.640987432E2,1.140615495E-1,NaN,4.960120158E-1,6.448492837E0,7.920831416E0,-1.000000000E0
5.338612142E2,4.133757359E1,1.982154176E1,1.230803738E2,1.638991188E2,4.385223912E-2,NaN,4.961151562E-1,6.448500607E0,7.909045874E0,-1.000000000E0
5.348612111E2,4.133757398E1,1.982154064E1,1.230635545E2,1.638822950E2,4.019592965E-2,NaN,4.962490217E-1,6.448508300E0,7.973759691E0,-1.000000000E0
5.358612093E2,4.133757429E1,1.982153909E1,1.229633710E2,1.637821043E2,7.982878664E-2,NaN,4.963239713E-1,6.448516072E0,7.909519244E0,-1.000000000E0
5.368612082E2,4.133757365E1,1.982153938E1,1.228605779E2,1.636793101E2,7.434964508E-2,NaN,4.963595408E-1,6.448523828E0,7.863505429E0,-1.000000000E0
5.378612064E2,4.133757393E1,1.982153916E1,1.228966579E2,1.637153900E2,6.537055065E-2,NaN,4.964666604E-1,6.448531517E0,7.853227627E0,-1.000000000E0
5.388612061E2,4.133757459E1,1.982154009E1,1.230370161E2,1.638557561E2,3.260713653E-2,NaN,4.965845808E-1,6.448539416E0,7.938386490E0,-1.000000000E0
5.398612057E2,4.133757449E1,1.982153868E1,1.229172297E2,1.637359616E2,8.161018381E-2,NaN,4.966971273E-1,6.448547283E0,7.964172400E0,-1.000000000E0
5.408612064E2,4.133757546E1,1.982153831E1,1.230800873E2,1.638988212E2,3.711036631E-2,NaN,4.967052056E-1,6.448555054E0,7.920359625E0,-1.000000000E0
5.418612078E2,4.133757539E1,1.982153829E1,1.231186522E2,1.639373856E2,7.549964594E-2,NaN,4.968048867E-1,6.448562956E0,7.945370391E0,-1.000000000E0
5.428612082E2,4.133757585E1,1.982153931E1,1.233129402E2,1.641316812E2,7.865579169E-2,NaN,4.968262966E-1,6.448570765E0,7.994757712E0,-1.000000000E0
5.438612105E2,4.133757604E1,1.982153924E1,1.233206711E2,1.641394125E2,8.629655909E-2,NaN,4.969858925E-1,6.448578604E0,7.952935900E0,-1.000000000E0
5.448612120E2,4.133757682E1,1.982154084E1,1.236057965E2,1.644245498E2,1.475559568E-1,NaN,4.970246215E-1,6.448586304E0,7.972858295E0,-1.000000000E0
5.458612151E2,4.133757674E1,1.982154129E1,1.235353452E2,1.643541007E2,1.161713183E-1,NaN,4.971430228E-1,6.448594212E0,8.080324074E0,-1.000000000E0
5.468612177E2,4.133757626E1,1.982154002E1,1.231351334E2,1.639538799E2,2.261206941E-2,NaN,4.972164828E-1,6.448602156E0,8.082546337E0,-1.000000000E0
5.478612204E2,4.133757586E1,1.982154073E1,1.230352116E2,1.638539604E2,4.810298303E-3,NaN,4.973897776E-1,6.448609896E0,8.264917040E0,-1.000000000E0
5.488612247E2,4.133757522E1,1.982153883E1,1.224420860E2,1.632608217E2,1.298522876E-1,NaN,4.976810978E-1,6.448617745E0,8.128876806E0,-1.000000000E0
5.498612272E2,4.133757262E1,1.982153839E1,1.219613891E2,1.627801116E2,2.047607523E-1,NaN,4.979013262E-1,6.423193457E0,8.068838701E0,-1.000000000E0
5.508612314E2,4.133757177E1,1.982153601E1,1.215168175E2,1.623355234E2,4.796754788E-1,NaN,4.980568411E-1,6.423201287E0,7.949504377E0,-1.000000000E0
5.518612355E2,4.133757126E1,1.982153427E1,1.213762272E2,1.621949214E2,4.428362839E-1,NaN,4.981834925E-1,6.423209237E0,7.861158078E0,-1.000000000E0
5.528612397E2,4.133757162E1,1.982153283E1,1.212110636E2,1.620297514E2,2.381668840E-1,NaN,4.984937889E-1,6.423217083E0,7.740300031E0,-1.000000000E0
5.538612443E2,4.133757261E1,1.982153630E1,1.216798789E2,1.624985899E2,8.890950459E-2,NaN,4.985719820E-1,6.423224954E0,7.752739013E0,-1.000000000E0
5.548612487E2,4.133757320E1,1.982153682E1,1.218513999E2,1.626701161E2,5.371639001E-2,NaN,4.987694804E-1,6.423232878E0,7.827203906E0,-1.000000000E0
5.558612536E2,4.133757435E1,1.982153862E1,1.223946950E2,1.632134260E2,1.162335877E-1,NaN,4.991184445E-1,6.423240689E0,7.915041698E0,-1.000000000E0
5.568612593E2,4.133757555E1,1.982154248E1,1.230717385E2,1.638904957E2,2.092642184E-1,NaN,4.992043710E-1,6.423248531E0,8.007385398E0,-1.000000000E0
5.578612645E2,4.133757583E1,1.982154344E1,1.233554012E2,1.641741648E2,1.565093622E-1,NaN,4.993988470E-1,6.423256389E0,8.037078104E0,-1.000000000E0
5.588612696E2,4.133757725E1,1.982154209E1,1.234350618E2,1.642538239E2,6.864744102E-1,3.589655900E2,4.997674677E-1,6.423264310E0,7.970314423E0,-1.000000000E0
5.598612752E2,4.133757425E1,1.982154021E1,1.231688635E2,1.639876027E2,1.146410848E-1,NaN,4.999314196E-1,6.535342061E0,7.934962700E0,-1.000000000E0
5.608612808E2,4.133757343E1,1.982153858E1,1.229932772E2,1.638120041E2,7.418257247E-2,NaN,5.001497790E-1,6.535349720E0,7.879325509E0,-1.000000000E0
5.618612863E2,4.133757437E1,1.982154087E1,1.234288437E2,1.642475871E2,2.488188752E-1,NaN,5.001947998E-1,6.535357532E0,8.015012035E0,-1.000000000E0
5.628612919E2,4.133757397E1,1.982154097E1,1.233925495E2,1.642112918E2,1.246339872E-1,NaN,5.002371359E-1,6.535365238E0,7.967154137E0,-1.000000000E0
5.638612983E2,4.133757398E1,1.982154047E1,1.233341733E2,1.641529128E2,1.134835142E-1,NaN,5.002477916E-1,6.535372999E0,8.061565075E0,-1.000000000E0
5.648613044E2,4.133757395E1,1.982154059E1,1.233792757E2,1.641980158E2,5.903129742E-2,NaN,5.003068722E-1,6.535380701E0,8.010601572E0,-1.000000000E0
5.658613102E2,4.133757419E1,1.982154122E1,1.233750638E2,1.641938084E2,1.995920088E-1,NaN,5.003299747E-1,6.535388484E0,8.089828607E0,-1.000000000E0
5.668613169E2,4.133757422E1,1.982154149E1,1.235064115E2,1.643251577E2,3.152307688E-2,NaN,5.003504020E-1,6.535396154E0,8.160842099E0,-1.000000000E0
5.678613230E2,4.133757404E1,1.982154142E1,1.233036520E2,1.641223971E2,2.020670325E-2,NaN,5.005326881E-1,6.535403875E0,8.036693187E0,-1.000000000E0
5.688613291E2,4.133757341E1,1.982153941E1,1.228006221E2,1.636193535E2,1.549603796E-1,NaN,5.006013767E-1,6.535411589E0,8.120748637E0,-1.000000000E0
5.698613360E2,4.133757279E1,1.982153943E1,1.225485131E2,1.633672420E2,1.769072176E-1,NaN,5.006295783E-1,6.535419357E0,8.214913986E0,-1.000000000E0
5.708613424E2,4.133757298E1,1.982153921E1,1.224815747E2,1.633003032E2,1.410282195E-1,NaN,5.007273840E-1,6.535427066E0,8.317178672E0,-1.000000000E0
5.718613495E2,4.133757282E1,1.982153806E1,1.222360430E2,1.630547645E2,1.547119707E-1,NaN,5.007612702E-1,6.535434695E0,8.275718359E0,-1.000000000E0
5.728613559E2,4.133757299E1,1.982153840E1,1.223191281E2,1.631378522E2,1.262153088E-1,NaN,5.008263120E-1,6.535442380E0,8.184353729E0,-1.000000000E0
5.738613625E2,4.133757308E1,1.982153763E1,1.221852048E2,1.630039251E2,1.234250168E-1,NaN,5.009390891E-1,6.535450100E0,8.156002770E0,-1.000000000E0
5.748613698E2,4.133757352E1,1.982153885E1,1.224767830E2,1.632955117E2,8.326132139E-2,NaN,5.009953269E-1,6.535457794E0,8.195774935E0,-1.000000000E0
5.758613765E2,4.133757375E1,1.982153945E1,1.225776409E2,1.633963739E2,8.416956347E-3,NaN,5.011005289E-1,6.535465548E0,8.321565022E0,-1.000000000E0
5.768613834E2,4.133757446E1,1.982153862E1,1.224130213E2,1.632317527E2,6.511154168E-1,NaN,5.011811355E-1,6.535473176E0,8.183856087E0,-1.000000000E0
5.778613902E2,4.133757403E1,1.982153785E1,1.225038855E2,1.633226109E2,3.653666882E-1,NaN,5.012202482E-1,6.535480902E0,8.070469525E0,-1.000000000E0
5.788613968E2,4.133757368E1,1.982153793E1,1.223765355E2,1.631952599E2,1.603466161E-1,NaN,5.013547503E-1,6.535488544E0,8.147043161E0,-1.000000000E0
5.798614051E2,4.133757292E1,1.982153668E1,1.221439129E2,1.629626273E2,9.053430046E-2,NaN,5.014601893E-1,6.535496192E0,8.173112748E0,-1.000000000E0
5.808614112E2,4.133757255E1,1.982153552E1,1.219603636E2,1.627790700E2,1.213616667E-1,NaN,5.018892847E-1,6.535503849E0,8.315452332E0,-1.000000000E0
5.818614193E2,4.133756905E1,1.982153336E1,1.216699535E2,1.624886335E2,2.091339389E0,2.236910067E2,5.022164515E-1,6.414959893E0,7.264636445E0,-1.000000000E0
5.828614260E2,4.133757148E1,1.982153558E1,1.215191219E2,1.623378242E2,1.411253971E0,2.247541314E2,5.030845611E-1,6.637181934E0,5.275755035E0,-1.000000000E0
5.838614335E2,4.133757769E1,1.982154187E1,1.213532115E2,1.621719741E2,1.368525637E-1,NaN,5.035892114E-1,7.007779872E0,4.222547486E0,-1.000000000E0
5.848614396E2,4.133758197E1,1.982154387E1,1.209529502E2,1.617717416E2,6.283555050E-1,NaN,5.038246294E-1,7.007786887E0,3.784733885E0,-1.000000000E0
5.858614476E2,4.133758394E1,1.982154491E1,1.204212603E2,1.612400656E2,6.972328955E-1,NaN,5.040197837E-1,7.007793862E0,4.214800817E0,-1.000000000E0
5.868614545E2,4.133758532E1,1.982154635E1,1.199204002E2,1.607392190E2,6.505471111E-1,NaN,5.042885391E-1,7.007800981E0,4.177371679E0,-1.000000000E0
5.878614615E2,4.133758669E1,1.982154369E1,1.194967081E2,1.603155180E2,7.492478594E-1,NaN,5.046998071E-1,7.007808096E0,3.770299980E0,-1.000000000E0
5.888614684E2,4.133758389E1,1.982154692E1,1.195149250E2,1.603337411E2,2.311637876E-1,NaN,5.050518951E-1,7.007815045E0,5.291331674E0,-1.000000000E0
5.898614762E2,4.133758119E1,1.982154472E1,1.197806362E2,1.605994290E2,6.068037933E-1,NaN,5.051067529E-1,7.007822069E0,5.681006159E0,-1.000000000E0
5.908614835E2,4.133758145E1,1.982154417E1,1.198037686E2,1.606225595E2,1.581965262E-1,NaN,5.052409362E-1,7.007829132E0,6.098198129E0,-1.000000000E0
5.918614910E2,4.133758077E1,1.982154550E1,1.197238657E2,1.605426610E2,1.908264049E-1,NaN,5.056504587E-1,7.007836317E0,6.683500776E0,-1.000000000E0
5.928614974E2,4.133757748E1,1.982154329E1,1.203607124E2,1.611794820E2,3.065742397E-1,NaN,5.057588766E-1,7.007843421E0,7.096261061E0,-1.000000000E0
5.938615053E2,4.133757668E1,1.982154255E1,1.205629440E2,1.613817062E2,6.268398462E-2,NaN,5.058882885E-1,7.007850376E0,7.629347587E0,-1.000000000E0
5.948615136E2,4.133757647E1,1.982154103E1,1.207834608E2,1.616022137E2,1.350563275E-1,NaN,5.060551434E-1,7.007857402E0,7.865266613E0,-1.000000000E0
5.958615205E2,4.133757515E1,1.982154198E1,1.204852628E2,1.613040155E2,7.435591372E-1,NaN,5.066935480E-1,7.007864455E0,7.415958227E0,-1.000000000E0
5.968615272E2,4.133757105E1,1.982153662E1,1.202554065E2,1.610741128E2,8.627424985E-1,2.323527967E2,5.069277630E-1,7.007871602E0,7.127491093E0,-1.000000000E0
5.978615345E2,4.133757080E1,1.982153383E1,1.199039745E2,1.607226644E2,1.147899255E0,2.408769200E2,5.075333086E-1,7.153634658E0,5.901489446E0,-1.000000000E0
5.988615429E2,4.133756865E1,1.982152717E1,1.198969748E2,1.607156192E2,1.253815669E0,2.337328787E2,5.081105260E-1,8.528789558E0,5.887794493E0,-1.000000000E0
5.998615499E2,4.133756650E1,1.982152088E1,1.198774268E2,1.606960277E2,2.995446961E-1,NaN,5.091582246E-1,9.383634624E0,5.906523705E0,-1.000000000E0
6.008615584E2,4.133756286E1,1.982150930E1,1.199057295E2,1.607242516E2,1.284719150E-1,NaN,5.114373432E-1,1.077923223E1,5.943219388E0,-1.000000000E0
6.018615650E2,4.133755566E1,1.982148375E1,1.205504188E2,1.613687706E2,1.136257847E-1,NaN,5.146148164E-1,1.235371341E1,6.736432042E0,-1.000000000E0
6.028615723E2,4.133754449E1,1.982144872E1,1.206762512E2,1.614943639E2,4.716605113E-2,NaN,5.221679751E-1,1.460049866E1,6.985831809E0,-1.000000000E0
6.038615798E2,4.133757139E1,1.982153179E1,1.209999992E2,1.618186803E2,2.103684908E-1,NaN,"",6.965758678E0,7.335858130E0,-1.000000000E0